0,97.00318829353272,35.93301731181913,34.71799929299689,60.911657713077936
0,97.00318829353272,35.93301731181913,24.717999292996893,60.911657713077936
0,999743.7493071877,1.562506928122521
0,97.00318829353272,35.93301731181913,14.717999292996893,60.911657713077936
0,-0.01,1.562506928122521
0,97.00318829353272,35.93301731181913,4.717999292996893,60.911657713077936
0,-0.01,1.562506928122521
0,97.00318829353272,35.93301731181913,-5.282000707003107,60.911657713077936
0,-1,1409.2947570411302
0,92.83195789873271,67.82670205028452,53.93767636491006,9.706840426272546
0,92.83195789873271,67.82670205028452,43.93767636491006,9.706840426272546
0,999739.8282113413,1.601717886587656
0,92.83195789873271,67.82670205028452,43.83767636491006,9.706840426272546
0,0.08687607156483423,1.6008491258720077
0,92.83195789873271,67.82670205028452,43.73767636491006,9.706840426272546
0,-0.01,1.6008584387806803
0,92.83195789873271,67.82670205028452,43.63767636491006,9.706840426272546
0,-0.01,1.6008675557489247
0,92.83195789873271,67.82670205028452,43.537676364910055,9.706840426272546
0,-0.01,1.6008764776707622
0,92.83195789873271,67.82670205028452,43.437676364910054,9.706840426272546
0,-0.01,1.6008852054301852
0,92.83195789873271,67.82670205028452,43.33767636491005,9.706840426272546
0,-0.01,1.6008937399011889
0,92.83195789873271,67.82670205028452,43.23767636491005,9.706840426272546
0,-0.01,1.600902081947803
0,92.83195789873271,67.82670205028452,43.13767636491005,9.706840426272546
0,-0.01,1.6009102324241258
0,92.83195789873271,67.82670205028452,43.03767636491005,9.706840426272546
0,-0.01,1.6017100934421236
0,92.83195789873271,67.82670205028452,42.93767636491005,9.706840426272546
0,-0.01,1.601717886587656
0,92.83195789873271,67.82670205028452,42.837676364910045,9.706840426272546
0,-0.01,1.6008491258720077
0,92.83195789873271,67.82670205028452,42.737676364910044,9.706840426272546
0,-0.01,1.6008584387806803
0,92.83195789873271,67.82670205028452,42.63767636491004,9.706840426272546
0,-0.01,1.6008675557489247
0,92.83195789873271,67.82670205028452,42.53767636491004,9.706840426272546
0,-0.01,1.6008764776707622
0,92.83195789873271,67.82670205028452,42.43767636491004,9.706840426272546
0,-0.01,1.6008852054301852
0,92.83195789873271,67.82670205028452,42.33767636491004,9.706840426272546
0,-0.01,1.600893739901189
0,92.83195789873271,67.82670205028452,42.23767636491004,9.706840426272546
0,-0.01,1.600902081947803
0,92.83195789873271,67.82670205028452,42.137676364910035,9.706840426272546
0,-0.01,1.6009102324241258
0,92.83195789873271,67.82670205028452,42.037676364910034,9.706840426272546
0,-0.01,1.6017100934421236
0,92.83195789873271,67.82670205028452,41.93767636491003,9.706840426272546
0,-0.01,1.601717886587656
0,92.83195789873271,67.82670205028452,41.83767636491003,9.706840426272546
0,-0.01,1.6008491258720077
0,92.83195789873271,67.82670205028452,41.73767636491003,9.706840426272546
0,-0.01,1.6008584387806803
0,92.83195789873271,67.82670205028452,41.63767636491003,9.706840426272546
0,-0.01,1.6008675557489247
0,92.83195789873271,67.82670205028452,41.53767636491003,9.706840426272546
0,-0.01,1.6008764776707622
0,92.83195789873271,67.82670205028452,41.437676364910025,9.706840426272546
0,-0.01,1.6008852054301852
0,92.83195789873271,67.82670205028452,41.337676364910024,9.706840426272546
0,-0.01,1.600893739901189
0,92.83195789873271,67.82670205028452,41.23767636491002,9.706840426272546
0,-0.01,1.600902081947803
0,92.83195789873271,67.82670205028452,41.13767636491002,9.706840426272546
0,-0.01,1.6009102324241258
0,92.83195789873271,67.82670205028452,41.03767636491002,9.706840426272546
0,-0.01,1.6017100934421236
0,92.83195789873271,67.82670205028452,40.93767636491002,9.706840426272546
0,-0.01,1.601717886587656
0,92.83195789873271,67.82670205028452,40.83767636491002,9.706840426272546
0,-0.01,1.6008491258720077
0,92.83195789873271,67.82670205028452,40.737676364910016,9.706840426272546
0,-0.01,1.6008584387806803
0,92.83195789873271,67.82670205028452,40.637676364910014,9.706840426272546
0,-0.01,1.6008675557489247
0,92.83195789873271,67.82670205028452,40.53767636491001,9.706840426272546
0,-0.01,1.6008764776707622
0,92.83195789873271,67.82670205028452,40.43767636491001,9.706840426272546
0,-0.01,1.6008852054301852
0,92.83195789873271,67.82670205028452,40.33767636491001,9.706840426272546
0,-0.01,1.600893739901189
0,92.83195789873271,67.82670205028452,40.23767636491001,9.706840426272546
0,-0.01,1.600902081947803
0,92.83195789873271,67.82670205028452,40.13767636491001,9.706840426272546
0,-0.01,1.6009102324241258
0,92.83195789873271,67.82670205028452,40.037676364910006,9.706840426272546
0,-0.01,1.6017100934421236
0,92.83195789873271,67.82670205028452,39.937676364910004,9.706840426272546
0,-0.01,1.601717886587656
0,92.83195789873271,67.82670205028452,39.83767636491,9.706840426272546
0,-0.01,1.6008491258720077
0,92.83195789873271,67.82670205028452,39.73767636491,9.706840426272546
0,-0.01,1.6008584387806803
0,92.83195789873271,67.82670205028452,39.63767636491,9.706840426272546
0,-0.01,1.6008675557489247
0,92.83195789873271,67.82670205028452,39.53767636491,9.706840426272546
0,-0.01,1.6008764776707622
0,92.83195789873271,67.82670205028452,39.43767636491,9.706840426272546
0,-0.01,1.6008852054301852
0,92.83195789873271,67.82670205028452,39.337676364909996,9.706840426272546
0,-0.01,1.600893739901189
0,92.83195789873271,67.82670205028452,39.237676364909994,9.706840426272546
0,-0.01,1.600902081947803
0,92.83195789873271,67.82670205028452,39.13767636490999,9.706840426272546
0,-0.01,1.6009102324241258
0,92.83195789873271,67.82670205028452,39.03767636490999,9.706840426272546
0,-0.01,1.6017100934421236
0,92.83195789873271,67.82670205028452,38.93767636490999,9.706840426272546
0,-0.01,1.601717886587656
0,92.83195789873271,67.82670205028452,38.83767636490999,9.706840426272546
0,-0.01,1.6008491258720077
0,92.83195789873271,67.82670205028452,38.73767636490999,9.706840426272546
0,-0.01,1.6008584387806803
0,92.83195789873271,67.82670205028452,38.637676364909986,9.706840426272546
0,-0.01,1.6008675557489247
0,92.83195789873271,67.82670205028452,38.537676364909984,9.706840426272546
0,-0.01,1.6008764776707622
0,92.83195789873271,67.82670205028452,38.43767636490998,9.706840426272546
0,-0.01,1.6008852054301852
0,92.83195789873271,67.82670205028452,38.33767636490998,9.706840426272546
0,-0.01,1.600893739901189
0,92.83195789873271,67.82670205028452,38.23767636490998,9.706840426272546
0,-0.01,1.600902081947803
0,92.83195789873271,67.82670205028452,38.13767636490998,9.706840426272546
0,-0.01,1.6009102324241258
0,92.83195789873271,67.82670205028452,38.03767636490998,9.706840426272546
0,-0.01,1.6017100934421236
0,92.83195789873271,67.82670205028452,37.937676364909976,9.706840426272546
0,-0.01,1.601717886587656
0,92.83195789873271,67.82670205028452,37.837676364909974,9.706840426272546
0,-0.01,1.6008491258720077
0,92.83195789873271,67.82670205028452,37.73767636490997,9.706840426272546
0,-0.01,1.6008584387806803
0,92.83195789873271,67.82670205028452,37.63767636490997,9.706840426272546
0,-0.01,1.6008675557489247
0,92.83195789873271,67.82670205028452,37.53767636490997,9.706840426272546
0,-0.01,1.6008764776707622
0,92.83195789873271,67.82670205028452,37.43767636490997,9.706840426272546
0,-0.01,1.6008852054301852
0,92.83195789873271,67.82670205028452,37.33767636490997,9.706840426272546
0,-0.01,1.600893739901189
0,92.83195789873271,67.82670205028452,37.237676364909966,9.706840426272546
0,-0.01,1.6009020819478033
0,92.83195789873271,67.82670205028452,37.137676364909964,9.706840426272546
0,-0.01,1.6009102324241258
0,92.83195789873271,67.82670205028452,37.03767636490996,9.706840426272546
0,-0.01,1.6017100934421236
0,92.83195789873271,67.82670205028452,36.93767636490996,9.706840426272546
0,-0.01,1.601717886587656
0,92.83195789873271,67.82670205028452,36.83767636490996,9.706840426272546
0,-0.01,1.6008491258720077
0,92.83195789873271,67.82670205028452,36.73767636490996,9.706840426272546
0,-0.01,1.6008584387806803
0,92.83195789873271,67.82670205028452,36.63767636490996,9.706840426272546
0,-0.01,1.6008675557489247
0,92.83195789873271,67.82670205028452,36.537676364909956,9.706840426272546
0,-0.01,1.6008764776707622
0,92.83195789873271,67.82670205028452,36.437676364909954,9.706840426272546
0,-0.01,1.6008852054301852
0,92.83195789873271,67.82670205028452,36.33767636490995,9.706840426272546
0,-0.01,1.600893739901189
0,92.83195789873271,67.82670205028452,36.23767636490995,9.706840426272546
0,-0.01,1.6009020819478033
0,92.83195789873271,67.82670205028452,36.13767636490995,9.706840426272546
0,-0.01,1.6009102324241258
0,92.83195789873271,67.82670205028452,36.03767636490995,9.706840426272546
0,-0.01,1.6017100934421236
0,92.83195789873271,67.82670205028452,35.93767636490995,9.706840426272546
0,-0.01,1.601717886587656
0,92.83195789873271,67.82670205028452,35.837676364909946,9.706840426272546
0,-0.01,1.6008491258720077
0,92.83195789873271,67.82670205028452,35.737676364909944,9.706840426272546
0,-0.01,1.6008584387806803
0,92.83195789873271,67.82670205028452,35.63767636490994,9.706840426272546
0,-0.01,1.6008675557489247
0,92.83195789873271,67.82670205028452,35.53767636490994,9.706840426272546
0,-0.01,1.6008764776707622
0,92.83195789873271,67.82670205028452,35.43767636490994,9.706840426272546
0,-0.01,1.6008852054301852
0,92.83195789873271,67.82670205028452,35.33767636490994,9.706840426272546
0,-0.01,1.600893739901189
0,92.83195789873271,67.82670205028452,35.23767636490994,9.706840426272546
0,-0.01,1.6009020819478033
0,92.83195789873271,67.82670205028452,35.137676364909936,9.706840426272546
0,-0.01,1.6009102324241258
0,92.83195789873271,67.82670205028452,35.037676364909935,9.706840426272546
0,-0.01,1.6017100934421236
0,92.83195789873271,67.82670205028452,34.93767636490993,9.706840426272546
0,-0.01,1.601717886587656
0,92.83195789873271,67.82670205028452,34.83767636490993,9.706840426272546
0,-0.01,1.6008491258720077
0,92.83195789873271,67.82670205028452,34.73767636490993,9.706840426272546
0,-0.01,1.6008584387806803
0,92.83195789873271,67.82670205028452,34.63767636490993,9.706840426272546
0,-0.01,1.6008675557489247
0,92.83195789873271,67.82670205028452,34.53767636490993,9.706840426272546
0,-0.01,1.6008764776707622
0,92.83195789873271,67.82670205028452,34.437676364909926,9.706840426272546
0,-0.01,1.6008852054301852
0,92.83195789873271,67.82670205028452,34.337676364909925,9.706840426272546
0,-0.01,1.600893739901189
0,92.83195789873271,67.82670205028452,34.23767636490992,9.706840426272546
0,-0.01,1.6009020819478033
0,92.83195789873271,67.82670205028452,34.13767636490992,9.706840426272546
0,-0.01,1.6009102324241258
0,92.83195789873271,67.82670205028452,34.03767636490992,9.706840426272546
0,-0.01,1.6017100934421236
0,92.83195789873271,67.82670205028452,33.93767636490992,9.706840426272546
0,-0.01,1.601717886587656
0,92.83195789873271,67.82670205028452,33.83767636490992,9.706840426272546
0,-0.01,1.6008491258720077
0,92.83195789873271,67.82670205028452,33.737676364909916,9.706840426272546
0,-0.1,1.6008584387806803
0,87.89861667222267,21.039529652423372,32.1802183416794,48.68030299664279
0,87.89861667222267,21.039529652423372,22.1802183416794,48.68030299664279
0,999743.7880745367,1.5621192546328015
0,87.89861667222267,21.039529652423372,12.1802183416794,48.68030299664279
0,-0.01,1.5621192546328015
0,87.89861667222267,21.039529652423372,2.1802183416793994,48.68030299664279
0,-0.01,1.5621192546328015
0,87.89861667222267,21.039529652423372,-7.819781658320601,48.68030299664279
0,-1,2113.6040937298612
0,61.56563673014731,66.08637187363445,97.25890285562893,43.47935900036124
0,61.56563673014731,66.08637187363445,98.25890285562893,43.47935900036124
0,999738.5800301295,1.6141996987042253
0,61.56563673014731,66.08637187363445,99.25890285562893,43.47935900036124
0,-0.01,1.6141996987042253
0,61.56563673014731,66.08637187363445,100.25890285562893,43.47935900036124
0,-0.01,1.6141996987042253
0,61.56563673014731,66.08637187363445,101.25890285562893,43.47935900036124
0,-0.01,1.6141996987042253
0,61.56563673014731,66.08637187363445,102.25890285562893,43.47935900036124
0,-0.01,1.6141996987042253
0,61.56563673014731,66.08637187363445,103.25890285562893,43.47935900036124
0,-0.01,1.6141996987042253
0,61.56563673014731,66.08637187363445,104.25890285562893,43.47935900036124
0,-0.01,1.6141996987042253
0,61.56563673014731,66.08637187363445,105.25890285562893,43.47935900036124
0,-0.01,1.6141996987042253
0,61.56563673014731,66.08637187363445,106.25890285562893,43.47935900036124
0,-0.01,1.6141996987042253
0,61.56563673014731,66.08637187363445,107.25890285562893,43.47935900036124
0,-0.01,1.6141996987042253
0,61.56563673014731,66.08637187363445,108.25890285562893,43.47935900036124
0,-0.01,1.6141996987042253
0,61.56563673014731,66.08637187363445,109.25890285562893,43.47935900036124
0,-0.01,1.6141996987042253
0,61.56563673014731,66.08637187363445,110.25890285562893,43.47935900036124
0,-0.01,1.6141996987042253
0,61.56563673014731,66.08637187363445,111.25890285562893,43.47935900036124
0,-0.01,1.6141996987042253
0,61.56563673014731,66.08637187363445,112.25890285562893,43.47935900036124
0,-0.01,1.6141996987042253
0,61.56563673014731,66.08637187363445,113.25890285562893,43.47935900036124
0,-0.01,1.6141996987042253
0,61.56563673014731,66.08637187363445,114.25890285562893,43.47935900036124
0,-0.01,1.6141996987042253
0,61.56563673014731,66.08637187363445,115.25890285562893,43.47935900036124
0,-0.01,1.6141996987042253
0,61.56563673014731,66.08637187363445,116.25890285562893,43.47935900036124
0,-0.01,1.6141996987042253
0,61.56563673014731,66.08637187363445,117.25890285562893,43.47935900036124
0,-0.01,1.6141996987042253
0,61.56563673014731,66.08637187363445,118.25890285562893,43.47935900036124
0,-0.01,1.6141996987042253
0,61.56563673014731,66.08637187363445,119.25890285562893,43.47935900036124
0,-0.01,1.6141996987042253
0,61.56563673014731,66.08637187363445,120.25890285562893,43.47935900036124
0,-0.01,1.6141996987042253
0,61.56563673014731,66.08637187363445,121.25890285562893,43.47935900036124
0,-0.01,1.6141996987042253
0,61.56563673014731,66.08637187363445,122.25890285562893,43.47935900036124
0,-0.01,1.6141996987042253
0,61.56563673014731,66.08637187363445,123.25890285562893,43.47935900036124
0,-0.01,1.6141996987042253
0,61.56563673014731,66.08637187363445,124.25890285562893,43.47935900036124
0,-0.01,1.6141996987042253
0,61.56563673014731,66.08637187363445,125.25890285562893,43.47935900036124
0,-0.01,1.6141996987042253
0,61.56563673014731,66.08637187363445,126.25890285562893,43.47935900036124
0,-0.01,1.6141996987042253
0,61.56563673014731,66.08637187363445,127.25890285562893,43.47935900036124
0,-0.01,1.6141996987042253
0,61.56563673014731,66.08637187363445,128.25890285562895,43.47935900036124
0,-0.01,1.6141996987042253
0,60.56563673014731,66.08637187363445,128.25890285562895,43.47935900036124
0,-0.01,1.6141996987042253
0,59.56563673014731,66.08637187363445,128.25890285562895,43.47935900036124
0,-0.01,1.6141996987042253
0,58.56563673014731,66.08637187363445,128.25890285562895,43.47935900036124
0,-0.01,1.6141996987042253
0,57.56563673014731,66.08637187363445,128.25890285562895,43.47935900036124
0,-0.01,1.6141996987042253
0,56.56563673014731,66.08637187363445,128.25890285562895,43.47935900036124
0,-0.01,1.6141996987042253
0,55.56563673014731,66.08637187363445,128.25890285562895,43.47935900036124
0,-0.01,1.6141996987042253
0,54.56563673014731,66.08637187363445,128.25890285562895,43.47935900036124
0,-0.01,1.6141996987042253
0,53.56563673014731,66.08637187363445,128.25890285562895,43.47935900036124
0,-0.01,1.6141996987042253
0,52.56563673014731,66.08637187363445,128.25890285562895,43.47935900036124
0,-0.01,1.6141996987042253
0,51.56563673014731,66.08637187363445,128.25890285562895,43.47935900036124
0,-0.01,1.6141996987042253
0,50.56563673014731,66.08637187363445,128.25890285562895,43.47935900036124
0,-0.01,1.6141996987042253
0,49.56563673014731,66.08637187363445,128.25890285562895,43.47935900036124
0,-0.01,1.6141996987042253
0,48.56563673014731,66.08637187363445,128.25890285562895,43.47935900036124
0,-0.01,1.6141996987042253
0,47.56563673014731,66.08637187363445,128.25890285562895,43.47935900036124
0,-0.01,1.6141996987042253
0,46.56563673014731,66.08637187363445,128.25890285562895,43.47935900036124
0,-0.01,1.6141996987042253
0,45.56563673014731,66.08637187363445,128.25890285562895,43.47935900036124
0,-0.01,1.6141996987042253
0,44.56563673014731,66.08637187363445,128.25890285562895,43.47935900036124
0,-0.01,1.6141996987042253
0,43.56563673014731,66.08637187363445,128.25890285562895,43.47935900036124
0,-0.01,1.6141996987042253
0,42.56563673014731,66.08637187363445,128.25890285562895,43.47935900036124
0,-0.01,1.6141996987042253
0,41.56563673014731,66.08637187363445,128.25890285562895,43.47935900036124
0,-0.01,1.6141996987042253
0,40.56563673014731,66.08637187363445,128.25890285562895,43.47935900036124
0,-0.01,1.6141996987042253
0,39.56563673014731,66.08637187363445,128.25890285562895,43.47935900036124
0,-0.01,1.6141996987042253
0,38.56563673014731,66.08637187363445,128.25890285562895,43.47935900036124
0,-0.01,1.6141996987042253
0,37.56563673014731,66.08637187363445,128.25890285562895,43.47935900036124
0,-0.01,1.6141996987042253
0,36.56563673014731,66.08637187363445,128.25890285562895,43.47935900036124
0,-0.01,1.6141996987042253
0,35.56563673014731,66.08637187363445,128.25890285562895,43.47935900036124
0,-0.01,1.6141996987042253
0,34.56563673014731,66.08637187363445,128.25890285562895,43.47935900036124
0,-0.01,1.6141996987042253
0,33.56563673014731,66.08637187363445,128.25890285562895,43.47935900036124
0,-0.01,1.6141996987042253
0,32.56563673014731,66.08637187363445,128.25890285562895,43.47935900036124
0,-0.01,1.6141996987042253
0,31.56563673014731,66.08637187363445,128.25890285562895,43.47935900036124
0,-0.01,1.6141996987042253
0,30.56563673014731,66.08637187363445,128.25890285562895,43.47935900036124
0,-0.01,1.6141996987042253
0,29.56563673014731,66.08637187363445,128.25890285562895,43.47935900036124
0,-0.01,1.6141996987042253
0,28.56563673014731,66.08637187363445,128.25890285562895,43.47935900036124
0,-0.01,1.6141996987042253
0,27.56563673014731,66.08637187363445,128.25890285562895,43.47935900036124
0,-0.01,1.6141996987042253
0,26.56563673014731,66.08637187363445,128.25890285562895,43.47935900036124
0,-0.01,1.6141996987042253
0,25.56563673014731,66.08637187363445,128.25890285562895,43.47935900036124
0,-0.01,1.6141996987042253
0,24.56563673014731,66.08637187363445,128.25890285562895,43.47935900036124
0,-0.01,1.6141996987042253
0,23.56563673014731,66.08637187363445,128.25890285562895,43.47935900036124
0,-0.01,1.6141996987042253
0,22.56563673014731,66.08637187363445,128.25890285562895,43.47935900036124
0,-0.01,1.6141996987042253
0,21.56563673014731,66.08637187363445,128.25890285562895,43.47935900036124
0,-0.01,1.6141996987042253
0,20.56563673014731,66.08637187363445,128.25890285562895,43.47935900036124
0,-0.01,1.6141996987042253
0,19.56563673014731,66.08637187363445,128.25890285562895,43.47935900036124
0,-0.01,1.6141996987042253
0,18.56563673014731,66.08637187363445,128.25890285562895,43.47935900036124
0,-0.01,1.6141996987042253
0,17.56563673014731,66.08637187363445,128.25890285562895,43.47935900036124
0,-0.01,1.6141996987042253
0,16.56563673014731,66.08637187363445,128.25890285562895,43.47935900036124
0,-0.01,1.6141996987042253
0,15.565636730147311,66.08637187363445,128.25890285562895,43.47935900036124
0,-0.01,1.6141996987042253
0,14.565636730147311,66.08637187363445,128.25890285562895,43.47935900036124
0,-0.01,1.6141996987042253
0,13.565636730147311,66.08637187363445,128.25890285562895,43.47935900036124
0,-0.01,1.6141996987042253
0,12.565636730147311,66.08637187363445,128.25890285562895,43.47935900036124
0,-0.01,1.6141996987042253
0,11.565636730147311,66.08637187363445,128.25890285562895,43.47935900036124
0,-0.01,1.6141996987042253
0,10.565636730147311,66.08637187363445,128.25890285562895,43.47935900036124
0,-0.01,1.6141996987042253
0,9.565636730147311,66.08637187363445,128.25890285562895,43.47935900036124
0,-0.01,1.6141996987042253
0,8.565636730147311,66.08637187363445,128.25890285562895,43.47935900036124
0,-0.01,1.6141996987042253
0,7.565636730147311,66.08637187363445,128.25890285562895,43.47935900036124
0,-0.01,1.6141996987042253
0,6.565636730147311,66.08637187363445,128.25890285562895,43.47935900036124
0,-0.01,1.6141996987042253
0,5.565636730147311,66.08637187363445,128.25890285562895,43.47935900036124
0,-0.01,1.6141996987042253
0,4.565636730147311,66.08637187363445,128.25890285562895,43.47935900036124
0,-0.01,1.6141996987042253
0,3.565636730147311,66.08637187363445,128.25890285562895,43.47935900036124
0,-0.01,1.6141996987042253
0,2.565636730147311,66.08637187363445,128.25890285562895,43.47935900036124
0,-0.01,1.6141996987042253
0,1.565636730147311,66.08637187363445,128.25890285562895,43.47935900036124
0,-0.01,1.6141996987042253
0,0.5656367301473111,66.08637187363445,128.25890285562895,43.47935900036124
0,-0.01,1.6141996987042253
0,-0.4343632698526889,66.08637187363445,128.25890285562895,43.47935900036124
0,-1,1.6141996987042253
0,6.756907178810478,41.70303839990848,20.52529820618695,0.9155483108667539
0,6.756907178810478,41.70303839990848,21.52529820618695,0.9155483108667539
0,999740.7349686142,1.5926503138577548
0,6.756907178810478,41.70303839990848,22.52529820618695,0.9155483108667539
0,-0.01,1.5926503138577548
0,6.756907178810478,41.70303839990848,23.52529820618695,0.9155483108667539
0,-0.01,1.5926503138577548
0,6.756907178810478,41.70303839990848,24.52529820618695,0.9155483108667539
0,-0.01,1.5926503138577548
0,6.756907178810478,41.70303839990848,25.52529820618695,0.9155483108667539
0,-0.01,1.5926503138577548
0,6.756907178810478,41.70303839990848,26.52529820618695,0.9155483108667539
0,-0.01,1.5926503138577548
0,6.756907178810478,41.70303839990848,27.52529820618695,0.9155483108667539
0,-0.01,1.5926503138577548
0,6.756907178810478,41.70303839990848,28.52529820618695,0.9155483108667539
0,-0.01,1.5926503138577548
0,6.756907178810478,41.70303839990848,29.52529820618695,0.9155483108667539
0,-0.01,1.5926503138577548
0,6.756907178810478,41.70303839990848,30.52529820618695,0.9155483108667539
0,-0.01,1.5926503138577548
0,6.756907178810478,41.70303839990848,31.52529820618695,0.9155483108667539
0,-0.01,1.5926503138577548
0,6.756907178810478,41.70303839990848,32.525298206186946,0.9155483108667539
0,-0.01,1.5926503138577548
0,6.756907178810478,41.70303839990848,33.525298206186946,0.9155483108667539
0,-0.01,1.5926503138577548
0,6.756907178810478,41.70303839990848,34.525298206186946,0.9155483108667539
0,-0.01,1.5926503138577548
0,6.756907178810478,41.70303839990848,35.525298206186946,0.9155483108667539
0,-0.01,1.5926503138577548
0,6.756907178810478,41.70303839990848,36.525298206186946,0.9155483108667539
0,-0.01,1.5926503138577548
0,6.756907178810478,41.70303839990848,37.525298206186946,0.9155483108667539
0,-0.01,1.5926503138577548
0,6.756907178810478,41.70303839990848,38.525298206186946,0.9155483108667539
0,-0.01,1.5926503138577548
0,6.756907178810478,41.70303839990848,39.525298206186946,0.9155483108667539
0,-0.01,1.5926503138577548
0,6.756907178810478,41.70303839990848,40.525298206186946,0.9155483108667539
0,-0.01,1.5926503138577548
0,6.756907178810478,41.70303839990848,41.525298206186946,0.9155483108667539
0,-0.01,1.5926503138577548
0,6.756907178810478,41.70303839990848,42.525298206186946,0.9155483108667539
0,-0.01,1.5926503138577548
0,6.756907178810478,41.70303839990848,43.525298206186946,0.9155483108667539
0,-0.01,1.5926503138577548
0,6.756907178810478,41.70303839990848,44.525298206186946,0.9155483108667539
0,-0.01,1.5926503138577548
0,6.756907178810478,41.70303839990848,45.525298206186946,0.9155483108667539
0,-0.01,1.5926503138577548
0,6.756907178810478,41.70303839990848,46.525298206186946,0.9155483108667539
0,-0.01,1.5926503138577548
0,6.756907178810478,41.70303839990848,47.525298206186946,0.9155483108667539
0,-0.01,1.5926503138577548
0,6.756907178810478,41.70303839990848,48.525298206186946,0.9155483108667539
0,-0.01,1.5926503138577548
0,6.756907178810478,41.70303839990848,49.525298206186946,0.9155483108667539
0,-0.01,1.5926503138577548
0,6.756907178810478,41.70303839990848,50.525298206186946,0.9155483108667539
0,-0.01,1.5926503138577548
0,6.756907178810478,41.70303839990848,51.525298206186946,0.9155483108667539
0,-0.01,1.5926503138577548
0,6.756907178810478,41.70303839990848,52.525298206186946,0.9155483108667539
0,-0.01,1.5926503138577548
0,6.756907178810478,41.70303839990848,53.525298206186946,0.9155483108667539
0,-0.01,1.5926503138577548
0,6.756907178810478,41.70303839990848,54.525298206186946,0.9155483108667539
0,-0.01,1.5926503138577548
0,6.756907178810478,41.70303839990848,55.525298206186946,0.9155483108667539
0,-0.01,1.5926503138577548
0,6.756907178810478,41.70303839990848,56.525298206186946,0.9155483108667539
0,-0.01,1.5926503138577548
0,6.756907178810478,41.70303839990848,57.525298206186946,0.9155483108667539
0,-0.01,1.5926503138577548
0,6.756907178810478,41.70303839990848,58.525298206186946,0.9155483108667539
0,-0.01,1.5926503138577548
0,6.756907178810478,41.70303839990848,59.525298206186946,0.9155483108667539
0,-0.01,1.5926503138577548
0,6.756907178810478,41.70303839990848,60.525298206186946,0.9155483108667539
0,-0.01,1.5926503138577548
0,6.756907178810478,41.70303839990848,61.525298206186946,0.9155483108667539
0,-0.01,1.5926503138577548
0,6.756907178810478,41.70303839990848,62.525298206186946,0.9155483108667539
0,-0.01,1.5926503138577548
0,6.756907178810478,41.70303839990848,63.525298206186946,0.9155483108667539
0,-0.01,1.5926503138577548
0,6.756907178810478,41.70303839990848,64.52529820618695,0.9155483108667539
0,-0.01,1.5926503138577548
0,6.756907178810478,41.70303839990848,65.52529820618695,0.9155483108667539
0,-0.01,1.5926503138577548
0,6.756907178810478,41.70303839990848,66.52529820618695,0.9155483108667539
0,-0.01,1.5926503138577548
0,6.756907178810478,41.70303839990848,67.52529820618695,0.9155483108667539
0,-0.01,1.5926503138577548
0,6.756907178810478,41.70303839990848,68.52529820618695,0.9155483108667539
0,-0.01,1.5926503138577548
0,6.756907178810478,41.70303839990848,69.52529820618695,0.9155483108667539
0,-0.01,1.5926503138577548
0,6.756907178810478,41.70303839990848,70.52529820618695,0.9155483108667539
0,-0.01,1.5926503138577548
0,6.756907178810478,41.70303839990848,71.52529820618695,0.9155483108667539
0,-0.01,1.5926503138577548
0,6.756907178810478,41.70303839990848,72.52529820618695,0.9155483108667539
0,-0.01,1.5926503138577548
0,6.756907178810478,41.70303839990848,73.52529820618695,0.9155483108667539
0,-0.01,1.5926503138577548
0,6.756907178810478,41.70303839990848,74.52529820618695,0.9155483108667539
0,-0.01,1.5926503138577548
0,6.756907178810478,41.70303839990848,75.52529820618695,0.9155483108667539
0,-0.01,1.5926503138577548
0,6.756907178810478,41.70303839990848,76.52529820618695,0.9155483108667539
0,-0.01,1.5926503138577548
0,6.756907178810478,41.70303839990848,77.52529820618695,0.9155483108667539
0,-0.01,1.5926503138577548
0,6.756907178810478,41.70303839990848,78.52529820618695,0.9155483108667539
0,-0.01,1.5926503138577548
0,6.756907178810478,41.70303839990848,79.52529820618695,0.9155483108667539
0,-0.01,1.5926503138577548
0,6.756907178810478,41.70303839990848,80.52529820618695,0.9155483108667539
0,-0.01,1.5926503138577548
0,6.756907178810478,41.70303839990848,81.52529820618695,0.9155483108667539
0,-0.01,1.5926503138577548
0,6.756907178810478,41.70303839990848,82.52529820618695,0.9155483108667539
0,-0.01,1.5926503138577548
0,6.756907178810478,41.70303839990848,83.52529820618695,0.9155483108667539
0,-0.01,1.5926503138577548
0,6.756907178810478,41.70303839990848,84.52529820618695,0.9155483108667539
0,-0.01,1.5926503138577548
0,6.756907178810478,41.70303839990848,85.52529820618695,0.9155483108667539
0,-0.01,1.5926503138577548
0,6.756907178810478,41.70303839990848,86.52529820618695,0.9155483108667539
0,-0.01,1.5926503138577548
0,6.756907178810478,41.70303839990848,87.52529820618695,0.9155483108667539
0,-0.01,1.5926503138577548
0,6.756907178810478,41.70303839990848,88.52529820618695,0.9155483108667539
0,-0.01,1.5926503138577548
0,6.756907178810478,41.70303839990848,89.52529820618695,0.9155483108667539
0,-0.01,1.5926503138577548
0,6.756907178810478,41.70303839990848,90.52529820618695,0.9155483108667539
0,-0.01,1.5926503138577548
0,6.756907178810478,41.70303839990848,91.52529820618695,0.9155483108667539
0,-0.01,1.5926503138577548
0,6.756907178810478,41.70303839990848,92.52529820618695,0.9155483108667539
0,-0.01,1.5926503138577548
0,6.756907178810478,41.70303839990848,93.52529820618695,0.9155483108667539
0,-0.01,1.5926503138577548
0,6.756907178810478,41.70303839990848,94.52529820618695,0.9155483108667539
0,-0.01,1.5926503138577548
0,6.756907178810478,41.70303839990848,95.52529820618695,0.9155483108667539
0,-0.01,1.5926503138577548
0,6.756907178810478,41.70303839990848,96.52529820618695,0.9155483108667539
0,-0.01,1.5926503138577548
0,6.756907178810478,41.70303839990848,97.52529820618695,0.9155483108667539
0,-0.01,1.5926503138577548
0,6.756907178810478,41.70303839990848,98.52529820618695,0.9155483108667539
0,-0.01,1.5926503138577548
0,6.756907178810478,41.70303839990848,99.52529820618695,0.9155483108667539
0,-0.01,1.5926503138577548
0,6.756907178810478,41.70303839990848,100.52529820618695,0.9155483108667539
0,-0.01,1.5926503138577548
0,6.756907178810478,41.70303839990848,101.52529820618695,0.9155483108667539
0,-0.01,1.5926503138577548
0,6.756907178810478,41.70303839990848,102.52529820618695,0.9155483108667539
0,-0.01,1.5926503138577548
0,6.756907178810478,41.70303839990848,103.52529820618695,0.9155483108667539
0,-0.01,1.5926503138577548
0,6.756907178810478,41.70303839990848,104.52529820618695,0.9155483108667539
0,-0.01,1.5926503138577548
0,6.756907178810478,41.70303839990848,105.52529820618695,0.9155483108667539
0,-0.01,1.5926503138577548
0,6.756907178810478,41.70303839990848,106.52529820618695,0.9155483108667539
0,-0.01,1.5926503138577548
0,6.756907178810478,41.70303839990848,107.52529820618695,0.9155483108667539
0,-0.01,1.5926503138577548
0,6.756907178810478,41.70303839990848,108.52529820618695,0.9155483108667539
0,-0.01,1.5926503138577548
0,6.756907178810478,41.70303839990848,109.52529820618695,0.9155483108667539
0,-0.01,1.5926503138577548
0,6.756907178810478,41.70303839990848,110.52529820618695,0.9155483108667539
0,-0.01,1.5926503138577548
0,5.756907178810478,41.70303839990848,110.52529820618695,0.9155483108667539
0,-0.01,1.5926503138577548
0,5.756907178810478,41.70303839990848,111.52529820618695,0.9155483108667539
0,-0.01,1.5926503138577548
0,4.756907178810478,41.70303839990848,111.52529820618695,0.9155483108667539
0,-0.01,1.5926503138577548
0,4.756907178810478,41.70303839990848,112.52529820618695,0.9155483108667539
0,-0.01,1.5926503138577548
0,3.7569071788104784,41.70303839990848,112.52529820618695,0.9155483108667539
0,-0.01,1.5926503138577548
0,2.7569071788104784,41.70303839990848,112.52529820618695,0.9155483108667539
0,-0.01,1.5926503138577548
0,2.7569071788104784,41.70303839990848,113.52529820618695,0.9155483108667539
0,-0.01,1.5926503138577548
0,2.7569071788104784,41.70303839990848,114.52529820618695,0.9155483108667539
0,-0.01,1.5926503138577548
0,1.7569071788104784,41.70303839990848,114.52529820618695,0.9155483108667539
0,-0.01,1.5926503138577548
0,1.7569071788104784,41.70303839990848,115.52529820618695,0.9155483108667539
0,-0.01,1.5926503138577548
0,0.7569071788104784,41.70303839990848,115.52529820618695,0.9155483108667539
0,-0.01,1.5926503138577548
0,0.7569071788104784,41.70303839990848,116.52529820618695,0.9155483108667539
0,-0.1,1.5926503138577548
0,44.325273818000774,87.0752499829636,1.485181474541608,24.95720247665485
0,44.325273818000774,87.0752499829636,2.485181474541608,24.95720247665485
0,999741.9417760206,1.5805822397939755
0,44.325273818000774,87.0752499829636,3.485181474541608,24.95720247665485
0,-0.01,1.5805822397939755
0,44.325273818000774,87.0752499829636,4.4851814745416085,24.95720247665485
0,-0.01,1.5805822397939755
0,44.325273818000774,87.0752499829636,5.4851814745416085,24.95720247665485
0,-0.01,1.5805822397939755
0,44.325273818000774,87.0752499829636,6.4851814745416085,24.95720247665485
0,-0.01,1.5805822397939755
0,44.325273818000774,87.0752499829636,7.4851814745416085,24.95720247665485
0,-0.01,1.5805822397939755
0,44.325273818000774,87.0752499829636,8.485181474541609,24.95720247665485
0,-0.01,1.5805822397939755
0,44.325273818000774,87.0752499829636,9.485181474541609,24.95720247665485
0,-0.01,1.5805822397939755
0,44.325273818000774,87.0752499829636,10.485181474541609,24.95720247665485
0,-0.01,1.5805822397939755
0,44.325273818000774,87.0752499829636,11.485181474541609,24.95720247665485
0,-0.01,1.5805822397939755
0,44.325273818000774,87.0752499829636,12.485181474541609,24.95720247665485
0,-0.01,1.5805822397939755
0,44.325273818000774,87.0752499829636,13.485181474541609,24.95720247665485
0,-0.01,1.5805822397939755
0,44.325273818000774,87.0752499829636,14.485181474541609,24.95720247665485
0,-0.01,1.5805822397939755
0,44.325273818000774,87.0752499829636,15.485181474541609,24.95720247665485
0,-0.01,1.5805822397939755
0,44.325273818000774,87.0752499829636,16.48518147454161,24.95720247665485
0,-0.01,1.5805822397939755
0,44.325273818000774,87.0752499829636,17.48518147454161,24.95720247665485
0,-0.01,1.5805822397939755
0,44.325273818000774,87.0752499829636,18.48518147454161,24.95720247665485
0,-0.01,1.5805822397939755
0,44.325273818000774,87.0752499829636,19.48518147454161,24.95720247665485
0,-0.01,1.5805822397939755
0,44.325273818000774,87.0752499829636,20.48518147454161,24.95720247665485
0,-0.01,1.5805822397939755
0,44.325273818000774,87.0752499829636,21.48518147454161,24.95720247665485
0,-0.01,1.5805822397939755
0,44.325273818000774,87.0752499829636,22.48518147454161,24.95720247665485
0,-0.01,1.5805822397939755
0,44.325273818000774,87.0752499829636,23.48518147454161,24.95720247665485
0,-0.01,1.5805822397939755
0,44.325273818000774,87.0752499829636,24.48518147454161,24.95720247665485
0,-0.01,1.5805822397939755
0,44.325273818000774,87.0752499829636,25.48518147454161,24.95720247665485
0,-0.01,1.5805822397939755
0,44.325273818000774,87.0752499829636,26.48518147454161,24.95720247665485
0,-0.01,1.5805822397939755
0,44.325273818000774,87.0752499829636,27.48518147454161,24.95720247665485
0,-0.01,1.5805822397939755
0,44.325273818000774,87.0752499829636,28.48518147454161,24.95720247665485
0,-0.01,1.5805822397939755
0,44.325273818000774,87.0752499829636,29.48518147454161,24.95720247665485
0,-0.01,1.5805822397939755
0,44.325273818000774,87.0752499829636,30.48518147454161,24.95720247665485
0,-0.01,1.5805822397939755
0,44.325273818000774,87.0752499829636,31.48518147454161,24.95720247665485
0,-0.01,1.5805822397939755
0,44.325273818000774,87.0752499829636,32.485181474541605,24.95720247665485
0,-0.01,1.5805822397939755
0,44.325273818000774,87.0752499829636,33.485181474541605,24.95720247665485
0,-0.01,1.5805822397939755
0,44.325273818000774,87.0752499829636,34.485181474541605,24.95720247665485
0,-0.01,1.5805822397939755
0,44.325273818000774,87.0752499829636,35.485181474541605,24.95720247665485
0,-0.01,1.5805822397939755
0,44.325273818000774,87.0752499829636,36.485181474541605,24.95720247665485
0,-0.01,1.5805822397939755
0,44.325273818000774,87.0752499829636,37.485181474541605,24.95720247665485
0,-0.01,1.5805822397939755
0,44.325273818000774,87.0752499829636,38.485181474541605,24.95720247665485
0,-0.01,1.5805822397939755
0,44.325273818000774,87.0752499829636,39.485181474541605,24.95720247665485
0,-0.01,1.5805822397939755
0,44.325273818000774,87.0752499829636,40.485181474541605,24.95720247665485
0,-0.01,1.5805822397939755
0,44.325273818000774,87.0752499829636,41.485181474541605,24.95720247665485
0,-0.01,1.5805822397939755
0,44.325273818000774,87.0752499829636,42.485181474541605,24.95720247665485
0,-0.01,1.5805822397939755
0,44.325273818000774,87.0752499829636,43.485181474541605,24.95720247665485
0,-0.01,1.5805822397939755
0,44.325273818000774,87.0752499829636,44.485181474541605,24.95720247665485
0,-0.01,1.5805822397939755
0,44.325273818000774,87.0752499829636,45.485181474541605,24.95720247665485
0,-0.01,1.5805822397939755
0,44.325273818000774,87.0752499829636,46.485181474541605,24.95720247665485
0,-0.01,1.5805822397939755
0,44.325273818000774,87.0752499829636,47.485181474541605,24.95720247665485
0,-0.01,1.5805822397939755
0,44.325273818000774,87.0752499829636,48.485181474541605,24.95720247665485
0,-0.01,1.5805822397939755
0,44.325273818000774,87.0752499829636,49.485181474541605,24.95720247665485
0,-0.01,1.5805822397939755
0,44.325273818000774,87.0752499829636,50.485181474541605,24.95720247665485
0,-0.01,1.5805822397939755
0,44.325273818000774,87.0752499829636,51.485181474541605,24.95720247665485
0,-0.01,1.5805822397939755
0,44.325273818000774,87.0752499829636,52.485181474541605,24.95720247665485
0,-0.01,1.5805822397939755
0,44.325273818000774,87.0752499829636,53.485181474541605,24.95720247665485
0,-0.01,1.5805822397939755
0,44.325273818000774,87.0752499829636,54.485181474541605,24.95720247665485
0,-0.01,1.5805822397939755
0,44.325273818000774,87.0752499829636,55.485181474541605,24.95720247665485
0,-0.01,1.5805822397939755
0,44.325273818000774,87.0752499829636,56.485181474541605,24.95720247665485
0,-0.01,1.5805822397939755
0,44.325273818000774,87.0752499829636,57.485181474541605,24.95720247665485
0,-0.01,1.5805822397939755
0,44.325273818000774,87.0752499829636,58.485181474541605,24.95720247665485
0,-0.01,1.5805822397939755
0,44.325273818000774,87.0752499829636,59.485181474541605,24.95720247665485
0,-0.01,1.5805822397939755
0,44.325273818000774,87.0752499829636,60.485181474541605,24.95720247665485
0,-0.01,1.5805822397939755
0,44.325273818000774,87.0752499829636,61.485181474541605,24.95720247665485
0,-0.01,1.5805822397939755
0,44.325273818000774,87.0752499829636,62.485181474541605,24.95720247665485
0,-0.01,1.5805822397939755
0,44.325273818000774,87.0752499829636,63.485181474541605,24.95720247665485
0,-0.01,1.5805822397939755
0,44.325273818000774,87.0752499829636,64.4851814745416,24.95720247665485
0,-0.01,1.5805822397939755
0,44.325273818000774,87.0752499829636,65.4851814745416,24.95720247665485
0,-0.01,1.5805822397939755
0,44.325273818000774,87.0752499829636,66.4851814745416,24.95720247665485
0,-0.01,1.5805822397939755
0,44.325273818000774,87.0752499829636,67.4851814745416,24.95720247665485
0,-0.01,1.5805822397939755
0,44.325273818000774,87.0752499829636,68.4851814745416,24.95720247665485
0,-0.01,1.5805822397939755
0,44.325273818000774,87.0752499829636,69.4851814745416,24.95720247665485
0,-0.01,1.5805822397939755
0,44.325273818000774,87.0752499829636,70.4851814745416,24.95720247665485
0,-0.01,1.5805822397939755
0,44.325273818000774,87.0752499829636,71.4851814745416,24.95720247665485
0,-0.01,1.5805822397939755
0,44.325273818000774,87.0752499829636,72.4851814745416,24.95720247665485
0,-0.01,1.5805822397939755
0,44.325273818000774,87.0752499829636,73.4851814745416,24.95720247665485
0,-0.01,1.5805822397939755
0,44.325273818000774,87.0752499829636,74.4851814745416,24.95720247665485
0,-0.01,1.5805822397939755
0,44.325273818000774,87.0752499829636,75.4851814745416,24.95720247665485
0,-0.01,1.5805822397939755
0,44.325273818000774,87.0752499829636,76.4851814745416,24.95720247665485
0,-0.01,1.5805822397939755
0,44.325273818000774,87.0752499829636,77.4851814745416,24.95720247665485
0,-0.01,1.5805822397939755
0,44.325273818000774,87.0752499829636,78.4851814745416,24.95720247665485
0,-0.01,1.5805822397939755
0,44.325273818000774,87.0752499829636,79.4851814745416,24.95720247665485
0,-0.01,1.5805822397939755
0,44.325273818000774,87.0752499829636,80.4851814745416,24.95720247665485
0,-0.01,1.5805822397939755
0,44.325273818000774,87.0752499829636,81.4851814745416,24.95720247665485
0,-0.01,1.5805822397939755
0,44.325273818000774,87.0752499829636,82.4851814745416,24.95720247665485
0,-0.01,1.5805822397939755
0,44.325273818000774,87.0752499829636,83.4851814745416,24.95720247665485
0,-0.01,1.5805822397939755
0,44.325273818000774,87.0752499829636,84.4851814745416,24.95720247665485
0,-0.01,1.5805822397939755
0,44.325273818000774,87.0752499829636,85.4851814745416,24.95720247665485
0,-0.01,1.5805822397939755
0,44.325273818000774,87.0752499829636,86.4851814745416,24.95720247665485
0,-0.01,1.5805822397939755
0,44.325273818000774,87.0752499829636,87.4851814745416,24.95720247665485
0,-0.01,1.5805822397939755
0,44.325273818000774,87.0752499829636,88.4851814745416,24.95720247665485
0,-0.01,1.5805822397939755
0,44.325273818000774,87.0752499829636,89.4851814745416,24.95720247665485
0,-0.01,1.5805822397939755
0,44.325273818000774,87.0752499829636,90.4851814745416,24.95720247665485
0,-0.01,1.5805822397939755
0,44.325273818000774,87.0752499829636,91.4851814745416,24.95720247665485
0,-0.01,1.5805822397939755
0,44.325273818000774,87.0752499829636,92.4851814745416,24.95720247665485
0,-0.01,1.5805822397939755
0,44.325273818000774,87.0752499829636,93.4851814745416,24.95720247665485
0,-0.01,1.5805822397939755
0,44.325273818000774,87.0752499829636,94.4851814745416,24.95720247665485
0,-0.01,1.5805822397939755
0,44.325273818000774,87.0752499829636,95.4851814745416,24.95720247665485
0,-0.01,1.5805822397939755
0,44.325273818000774,87.0752499829636,96.4851814745416,24.95720247665485
0,-0.01,1.5805822397939755
0,44.325273818000774,87.0752499829636,97.4851814745416,24.95720247665485
0,-0.01,1.5805822397939755
0,44.325273818000774,87.0752499829636,98.4851814745416,24.95720247665485
0,-0.01,1.5805822397939755
0,44.325273818000774,87.0752499829636,99.4851814745416,24.95720247665485
0,-0.01,1.5805822397939755
0,44.325273818000774,87.0752499829636,100.4851814745416,24.95720247665485
0,-0.01,1.5805822397939755
0,44.325273818000774,87.0752499829636,101.4851814745416,24.95720247665485
0,-0.01,1.5805822397939755
0,44.325273818000774,87.0752499829636,102.4851814745416,24.95720247665485
0,-0.01,1.5805822397939755
0,44.325273818000774,87.0752499829636,103.4851814745416,24.95720247665485
0,-0.1,1.5805822397939755
0,7.297817884762603,7.5943651596816935,23.394856430630927,57.420327756953746
0,7.297817884762603,7.5943651596816935,23.49485643063093,57.420327756953746
0,999743.7880745367,1.5621192546328015
0,7.297817884762603,7.5943651596816935,23.59485643063093,57.420327756953746
0,-0.01,1.5621192546328015
0,7.297817884762603,7.5943651596816935,23.69485643063093,57.420327756953746
0,-0.01,1.5621192546328015
0,7.297817884762603,7.5943651596816935,23.794856430630933,57.420327756953746
0,-0.01,1.5621192546328015
0,7.297817884762603,7.5943651596816935,23.894856430630934,57.420327756953746
0,-0.01,1.5621192546328015
0,7.297817884762603,7.5943651596816935,23.994856430630936,57.420327756953746
0,-0.01,1.5621192546328015
0,7.297817884762603,7.5943651596816935,24.094856430630937,57.420327756953746
0,-0.01,1.5621192546328015
0,7.297817884762603,7.5943651596816935,24.19485643063094,57.420327756953746
0,-0.01,1.5621192546328015
0,7.297817884762603,7.5943651596816935,24.29485643063094,57.420327756953746
0,-0.01,1.5621192546328015
0,7.297817884762603,7.5943651596816935,24.39485643063094,57.420327756953746
0,-0.01,1.5621192546328015
0,7.297817884762603,7.5943651596816935,24.494856430630943,57.420327756953746
0,-0.01,1.5621192546328015
0,7.297817884762603,7.5943651596816935,24.594856430630944,57.420327756953746
0,-0.01,1.5621192546328015
0,6.297817884762603,7.5943651596816935,24.594856430630944,57.420327756953746
0,-0.01,1.5621192546328015
0,6.297817884762603,7.5943651596816935,24.694856430630946,57.420327756953746
0,-0.01,1.5621192546328015
0,6.297817884762603,7.5943651596816935,24.794856430630947,57.420327756953746
0,-0.01,1.5621192546328015
0,6.297817884762603,7.5943651596816935,24.89485643063095,57.420327756953746
0,-0.01,1.5621192546328015
0,5.297817884762603,7.5943651596816935,24.89485643063095,57.420327756953746
0,-0.01,1.5621192546328015
0,5.297817884762603,7.5943651596816935,24.99485643063095,57.420327756953746
0,-0.01,1.5621192546328015
0,5.297817884762603,7.5943651596816935,25.09485643063095,57.420327756953746
0,-0.01,1.5621192546328015
0,4.297817884762603,7.5943651596816935,25.09485643063095,57.420327756953746
0,-0.01,1.5621192546328015
0,4.297817884762603,7.5943651596816935,25.194856430630953,57.420327756953746
0,-0.01,1.5621192546328015
0,4.297817884762603,7.5943651596816935,25.294856430630954,57.420327756953746
0,-0.01,1.5621192546328015
0,4.297817884762603,7.5943651596816935,25.394856430630956,57.420327756953746
0,-0.01,1.5621192546328015
0,3.297817884762603,7.5943651596816935,25.394856430630956,57.420327756953746
0,-0.01,1.5621192546328015
0,3.297817884762603,7.5943651596816935,25.494856430630957,57.420327756953746
0,-0.01,1.5621192546328015
0,3.297817884762603,7.5943651596816935,25.59485643063096,57.420327756953746
0,-0.01,1.5621192546328015
0,3.297817884762603,7.5943651596816935,25.69485643063096,57.420327756953746
0,-0.01,1.5621192546328015
0,3.297817884762603,7.5943651596816935,25.79485643063096,57.420327756953746
0,-0.01,1.5621192546328015
0,3.297817884762603,7.5943651596816935,25.894856430630963,57.420327756953746
0,-0.01,1.5621192546328015
0,3.297817884762603,7.5943651596816935,25.994856430630964,57.420327756953746
0,-0.01,1.5621192546328015
0,3.297817884762603,7.5943651596816935,26.094856430630966,57.420327756953746
0,-0.01,1.5621192546328015
0,3.297817884762603,7.5943651596816935,26.194856430630967,57.420327756953746
0,-0.01,1.5621192546328015
0,3.297817884762603,7.5943651596816935,26.29485643063097,57.420327756953746
0,-0.01,1.5621192546328015
0,3.297817884762603,7.5943651596816935,26.39485643063097,57.420327756953746
0,-0.01,1.5621192546328015
0,3.297817884762603,7.5943651596816935,26.49485643063097,57.420327756953746
0,-0.01,1.5621192546328015
0,3.297817884762603,7.5943651596816935,26.594856430630973,57.420327756953746
0,-0.01,1.5621192546328015
0,3.297817884762603,7.5943651596816935,26.694856430630974,57.420327756953746
0,-0.01,1.5621192546328015
0,3.297817884762603,7.5943651596816935,26.794856430630976,57.420327756953746
0,-0.01,1.5621192546328015
0,3.297817884762603,7.5943651596816935,26.894856430630977,57.420327756953746
0,-0.01,1.5621192546328015
0,3.297817884762603,7.5943651596816935,26.99485643063098,57.420327756953746
0,-0.01,1.5621192546328015
0,3.297817884762603,7.5943651596816935,27.09485643063098,57.420327756953746
0,-0.01,1.5621192546328015
0,3.297817884762603,7.5943651596816935,27.19485643063098,57.420327756953746
0,-0.01,1.5621192546328015
0,2.297817884762603,7.5943651596816935,27.19485643063098,57.420327756953746
0,-0.01,1.5621192546328015
0,2.297817884762603,7.5943651596816935,27.294856430630983,57.420327756953746
0,-0.01,1.5621192546328015
0,2.297817884762603,7.5943651596816935,27.394856430630984,57.420327756953746
0,-0.01,1.5621192546328015
0,2.297817884762603,7.5943651596816935,27.494856430630985,57.420327756953746
0,-0.01,1.5621192546328015
0,2.297817884762603,7.5943651596816935,27.594856430630987,57.420327756953746
0,-0.01,1.5621192546328015
0,2.297817884762603,7.5943651596816935,27.69485643063099,57.420327756953746
0,-0.01,1.5621192546328015
0,2.297817884762603,7.5943651596816935,27.79485643063099,57.420327756953746
0,-0.01,1.5621192546328015
0,2.297817884762603,7.5943651596816935,27.89485643063099,57.420327756953746
0,-0.01,1.5621192546328015
0,2.297817884762603,7.5943651596816935,27.994856430630993,57.420327756953746
0,-0.01,1.5621192546328015
0,2.297817884762603,7.5943651596816935,28.094856430630994,57.420327756953746
0,-0.01,1.5621192546328015
0,2.297817884762603,7.5943651596816935,28.194856430630995,57.420327756953746
0,-0.01,1.5621192546328015
0,2.297817884762603,7.5943651596816935,28.294856430630997,57.420327756953746
0,-0.01,1.5621192546328015
0,2.297817884762603,7.5943651596816935,28.394856430631,57.420327756953746
0,-0.01,1.5621192546328015
0,2.297817884762603,7.5943651596816935,28.494856430631,57.420327756953746
0,-0.01,1.5621192546328015
0,2.297817884762603,7.5943651596816935,28.594856430631,57.420327756953746
0,-0.01,1.5621192546328015
0,2.297817884762603,7.5943651596816935,28.694856430631003,57.420327756953746
0,-0.01,1.5621192546328015
0,2.297817884762603,7.5943651596816935,28.794856430631004,57.420327756953746
0,-0.01,1.5621192546328015
0,2.297817884762603,7.5943651596816935,28.894856430631005,57.420327756953746
0,-0.01,1.5621192546328015
0,2.297817884762603,7.5943651596816935,28.994856430631007,57.420327756953746
0,-0.01,1.5621192546328015
0,2.297817884762603,7.5943651596816935,29.09485643063101,57.420327756953746
0,-0.01,1.5621192546328015
0,1.297817884762603,7.5943651596816935,29.09485643063101,57.420327756953746
0,-0.01,1.5621192546328015
0,1.297817884762603,7.5943651596816935,29.19485643063101,57.420327756953746
0,-0.01,1.5621192546328015
0,1.297817884762603,7.5943651596816935,29.29485643063101,57.420327756953746
0,-0.01,1.5621192546328015
0,1.297817884762603,7.5943651596816935,29.394856430631013,57.420327756953746
0,-0.01,1.5621192546328015
0,1.297817884762603,7.5943651596816935,29.494856430631014,57.420327756953746
0,-0.01,1.5621192546328015
0,1.297817884762603,7.5943651596816935,29.594856430631015,57.420327756953746
0,-0.01,1.5621192546328015
0,1.297817884762603,7.5943651596816935,29.694856430631017,57.420327756953746
0,-0.01,1.5621192546328015
0,1.297817884762603,7.5943651596816935,29.794856430631018,57.420327756953746
0,-0.01,1.5621192546328015
0,1.297817884762603,7.5943651596816935,29.89485643063102,57.420327756953746
0,-0.01,1.5621192546328015
0,1.297817884762603,7.5943651596816935,29.99485643063102,57.420327756953746
0,-0.01,1.5621192546328015
0,1.297817884762603,7.5943651596816935,30.094856430631022,57.420327756953746
0,-0.01,1.5621192546328015
0,1.297817884762603,7.5943651596816935,30.194856430631024,57.420327756953746
0,-0.01,1.5621192546328015
0,1.297817884762603,7.5943651596816935,30.294856430631025,57.420327756953746
0,-0.01,1.5621192546328015
0,1.297817884762603,7.5943651596816935,30.394856430631027,57.420327756953746
0,-0.01,1.5621192546328015
0,0.29781788476260296,7.5943651596816935,30.394856430631027,57.420327756953746
0,-0.01,1.5621192546328015
0,0.29781788476260296,7.5943651596816935,30.494856430631028,57.420327756953746
0,-0.01,1.5621192546328015
0,0.29781788476260296,7.5943651596816935,30.59485643063103,57.420327756953746
0,-0.01,1.5621192546328015
0,0.29781788476260296,7.5943651596816935,30.69485643063103,57.420327756953746
0,-0.01,1.5621192546328015
0,0.29781788476260296,7.5943651596816935,30.794856430631032,57.420327756953746
0,-0.01,1.5621192546328015
0,0.29781788476260296,7.5943651596816935,30.894856430631034,57.420327756953746
0,-0.01,1.5621192546328015
0,0.29781788476260296,7.5943651596816935,30.994856430631035,57.420327756953746
0,-0.01,1.5621192546328015
0,0.29781788476260296,7.5943651596816935,31.094856430631037,57.420327756953746
0,-0.01,1.5621192546328015
0,0.29781788476260296,7.5943651596816935,31.194856430631038,57.420327756953746
0,-0.01,1.5621192546328015
0,-0.702182115237397,7.5943651596816935,31.194856430631038,57.420327756953746
0,-1,1.5621192546328015
0,31.042382576217975,10.781431853802214,52.36609311869987,3.8604301603077484
0,31.042382576217975,10.781431853802214,52.26609311869987,3.8604301603077484
0,999743.7880745367,1.5621192546328015
0,31.042382576217975,10.781431853802214,52.16609311869987,3.8604301603077484
0,-0.01,1.5621192546328015
0,31.042382576217975,10.781431853802214,52.06609311869987,3.8604301603077484
0,-0.01,1.5621192546328015
0,31.042382576217975,10.781431853802214,51.96609311869987,3.8604301603077484
0,-0.01,1.5621192546328015
0,31.042382576217975,10.781431853802214,51.866093118699865,3.8604301603077484
0,-0.01,1.5621192546328015
0,31.042382576217975,10.781431853802214,51.766093118699864,3.8604301603077484
0,-0.01,1.5621192546328015
0,31.042382576217975,10.781431853802214,51.66609311869986,3.8604301603077484
0,-0.01,1.5621192546328015
0,31.042382576217975,10.781431853802214,51.56609311869986,3.8604301603077484
0,-0.01,1.5621192546328015
0,31.042382576217975,10.781431853802214,51.46609311869986,3.8604301603077484
0,-0.01,1.5621192546328015
0,31.042382576217975,10.781431853802214,51.36609311869986,3.8604301603077484
0,-0.01,1.5621192546328015
0,31.042382576217975,10.781431853802214,51.26609311869986,3.8604301603077484
0,-0.01,1.5621192546328015
0,31.042382576217975,10.781431853802214,51.166093118699855,3.8604301603077484
0,-0.01,1.5621192546328015
0,31.042382576217975,10.781431853802214,51.066093118699854,3.8604301603077484
0,-0.01,1.5621192546328015
0,31.042382576217975,10.781431853802214,50.96609311869985,3.8604301603077484
0,-0.01,1.5621192546328015
0,31.042382576217975,10.781431853802214,50.86609311869985,3.8604301603077484
0,-0.01,1.5621192546328015
0,31.042382576217975,10.781431853802214,50.76609311869985,3.8604301603077484
0,-0.01,1.5621192546328015
0,31.042382576217975,10.781431853802214,50.66609311869985,3.8604301603077484
0,-0.01,1.5621192546328015
0,31.042382576217975,10.781431853802214,50.56609311869985,3.8604301603077484
0,-0.01,1.5621192546328015
0,31.042382576217975,10.781431853802214,50.466093118699845,3.8604301603077484
0,-0.01,1.5621192546328015
0,31.042382576217975,10.781431853802214,50.366093118699844,3.8604301603077484
0,-0.01,1.5621192546328015
0,31.042382576217975,10.781431853802214,50.26609311869984,3.8604301603077484
0,-0.01,1.5621192546328015
0,31.042382576217975,10.781431853802214,50.16609311869984,3.8604301603077484
0,-0.01,1.5621192546328015
0,31.042382576217975,10.781431853802214,50.06609311869984,3.8604301603077484
0,-0.01,1.5621192546328015
0,31.042382576217975,10.781431853802214,49.96609311869984,3.8604301603077484
0,-0.01,1.5621192546328015
0,31.042382576217975,10.781431853802214,49.86609311869984,3.8604301603077484
0,-0.01,1.5621192546328015
0,31.042382576217975,10.781431853802214,49.766093118699835,3.8604301603077484
0,-0.01,1.5621192546328015
0,31.042382576217975,10.781431853802214,49.666093118699834,3.8604301603077484
0,-0.01,1.5621192546328015
0,31.042382576217975,10.781431853802214,49.56609311869983,3.8604301603077484
0,-0.01,1.5621192546328015
0,31.042382576217975,10.781431853802214,49.46609311869983,3.8604301603077484
0,-0.01,1.5621192546328015
0,31.042382576217975,10.781431853802214,49.36609311869983,3.8604301603077484
0,-0.01,1.5621192546328015
0,31.042382576217975,10.781431853802214,49.26609311869983,3.8604301603077484
0,-0.01,1.5621192546328015
0,31.042382576217975,10.781431853802214,49.16609311869983,3.8604301603077484
0,-0.01,1.5621192546328015
0,31.042382576217975,10.781431853802214,49.066093118699825,3.8604301603077484
0,-0.01,1.5621192546328015
0,31.042382576217975,10.781431853802214,48.966093118699824,3.8604301603077484
0,-0.01,1.5621192546328015
0,31.042382576217975,10.781431853802214,48.86609311869982,3.8604301603077484
0,-0.01,1.5621192546328015
0,31.042382576217975,10.781431853802214,48.76609311869982,3.8604301603077484
0,-0.01,1.5621192546328015
0,31.042382576217975,10.781431853802214,48.66609311869982,3.8604301603077484
0,-0.01,1.5621192546328015
0,31.042382576217975,10.781431853802214,48.56609311869982,3.8604301603077484
0,-0.01,1.5621192546328015
0,31.042382576217975,10.781431853802214,48.46609311869982,3.8604301603077484
0,-0.01,1.5621192546328015
0,31.042382576217975,10.781431853802214,48.366093118699816,3.8604301603077484
0,-0.01,1.5621192546328015
0,31.042382576217975,10.781431853802214,48.266093118699814,3.8604301603077484
0,-0.01,1.5621192546328015
0,31.042382576217975,10.781431853802214,48.16609311869981,3.8604301603077484
0,-0.01,1.5621192546328015
0,31.042382576217975,10.781431853802214,48.06609311869981,3.8604301603077484
0,-0.01,1.5621192546328015
0,31.042382576217975,10.781431853802214,47.96609311869981,3.8604301603077484
0,-0.01,1.5621192546328015
0,31.042382576217975,10.781431853802214,47.86609311869981,3.8604301603077484
0,-0.01,1.5621192546328015
0,31.042382576217975,10.781431853802214,47.76609311869981,3.8604301603077484
0,-0.01,1.5621192546328015
0,31.042382576217975,10.781431853802214,47.666093118699806,3.8604301603077484
0,-0.01,1.5621192546328015
0,31.042382576217975,10.781431853802214,47.566093118699804,3.8604301603077484
0,-0.01,1.5621192546328015
0,31.042382576217975,10.781431853802214,47.4660931186998,3.8604301603077484
0,-0.01,1.5621192546328015
0,31.042382576217975,10.781431853802214,47.3660931186998,3.8604301603077484
0,-0.01,1.5621192546328015
0,31.042382576217975,10.781431853802214,47.2660931186998,3.8604301603077484
0,-0.01,1.5621192546328015
0,31.042382576217975,10.781431853802214,47.1660931186998,3.8604301603077484
0,-0.01,1.5621192546328015
0,31.042382576217975,10.781431853802214,47.0660931186998,3.8604301603077484
0,-0.01,1.5621192546328015
0,31.042382576217975,10.781431853802214,46.966093118699796,3.8604301603077484
0,-0.01,1.5621192546328015
0,31.042382576217975,10.781431853802214,46.866093118699794,3.8604301603077484
0,-0.01,1.5621192546328015
0,31.042382576217975,10.781431853802214,46.76609311869979,3.8604301603077484
0,-0.01,1.5621192546328015
0,31.042382576217975,10.781431853802214,46.66609311869979,3.8604301603077484
0,-0.01,1.5621192546328015
0,31.042382576217975,10.781431853802214,46.56609311869979,3.8604301603077484
0,-0.01,1.5621192546328015
0,31.042382576217975,10.781431853802214,46.46609311869979,3.8604301603077484
0,-0.01,1.5621192546328015
0,31.042382576217975,10.781431853802214,46.36609311869979,3.8604301603077484
0,-0.01,1.5621192546328015
0,31.042382576217975,10.781431853802214,46.266093118699786,3.8604301603077484
0,-0.01,1.5621192546328015
0,31.042382576217975,10.781431853802214,46.166093118699784,3.8604301603077484
0,-0.01,1.5621192546328015
0,31.042382576217975,10.781431853802214,46.06609311869978,3.8604301603077484
0,-0.01,1.5621192546328015
0,31.042382576217975,10.781431853802214,45.96609311869978,3.8604301603077484
0,-0.01,1.5621192546328015
0,31.042382576217975,10.781431853802214,45.86609311869978,3.8604301603077484
0,-0.01,1.5621192546328015
0,31.042382576217975,10.781431853802214,45.76609311869978,3.8604301603077484
0,-0.01,1.5621192546328015
0,31.042382576217975,10.781431853802214,45.66609311869978,3.8604301603077484
0,-0.01,1.5621192546328015
0,31.042382576217975,10.781431853802214,45.566093118699776,3.8604301603077484
0,-0.01,1.5621192546328015
0,31.042382576217975,10.781431853802214,45.466093118699774,3.8604301603077484
0,-0.01,1.5621192546328015
0,31.042382576217975,10.781431853802214,45.36609311869977,3.8604301603077484
0,-0.01,1.5621192546328015
0,31.042382576217975,10.781431853802214,45.26609311869977,3.8604301603077484
0,-0.01,1.5621192546328015
0,31.042382576217975,10.781431853802214,45.16609311869977,3.8604301603077484
0,-0.01,1.5621192546328015
0,31.042382576217975,10.781431853802214,45.06609311869977,3.8604301603077484
0,-0.01,1.5621192546328015
0,31.042382576217975,10.781431853802214,44.96609311869977,3.8604301603077484
0,-0.01,1.5621192546328015
0,31.042382576217975,10.781431853802214,44.866093118699766,3.8604301603077484
0,-0.01,1.5621192546328015
0,31.042382576217975,10.781431853802214,44.766093118699764,3.8604301603077484
0,-0.01,1.5621192546328015
0,31.042382576217975,10.781431853802214,44.66609311869976,3.8604301603077484
0,-0.01,1.5621192546328015
0,31.042382576217975,10.781431853802214,44.56609311869976,3.8604301603077484
0,-0.01,1.5621192546328015
0,31.042382576217975,10.781431853802214,44.46609311869976,3.8604301603077484
0,-0.01,1.5621192546328015
0,31.042382576217975,10.781431853802214,44.36609311869976,3.8604301603077484
0,-0.01,1.5621192546328015
0,31.042382576217975,10.781431853802214,44.26609311869976,3.8604301603077484
0,-0.01,1.5621192546328015
0,31.042382576217975,10.781431853802214,44.166093118699756,3.8604301603077484
0,-0.01,1.5621192546328015
0,31.042382576217975,10.781431853802214,44.066093118699754,3.8604301603077484
0,-0.01,1.5621192546328015
0,31.042382576217975,10.781431853802214,43.96609311869975,3.8604301603077484
0,-0.01,1.5621192546328015
0,31.042382576217975,10.781431853802214,43.86609311869975,3.8604301603077484
0,-0.01,1.5621192546328015
0,31.042382576217975,10.781431853802214,43.76609311869975,3.8604301603077484
0,-0.01,1.5621192546328015
0,31.042382576217975,10.781431853802214,43.66609311869975,3.8604301603077484
0,-0.01,1.5621192546328015
0,31.042382576217975,10.781431853802214,43.56609311869975,3.8604301603077484
0,-0.01,1.5621192546328015
0,31.042382576217975,10.781431853802214,43.466093118699746,3.8604301603077484
0,-0.01,1.5621192546328015
0,31.042382576217975,10.781431853802214,43.366093118699744,3.8604301603077484
0,-0.01,1.5621192546328015
0,31.042382576217975,10.781431853802214,43.26609311869974,3.8604301603077484
0,-0.01,1.5621192546328015
0,31.042382576217975,10.781431853802214,43.16609311869974,3.8604301603077484
0,-0.01,1.5621192546328015
0,31.042382576217975,10.781431853802214,43.06609311869974,3.8604301603077484
0,-0.01,1.5621192546328015
0,31.042382576217975,10.781431853802214,42.96609311869974,3.8604301603077484
0,-0.01,1.5621192546328015
0,31.042382576217975,10.781431853802214,42.86609311869974,3.8604301603077484
0,-0.01,1.5621192546328015
0,31.042382576217975,10.781431853802214,42.766093118699736,3.8604301603077484
0,-0.01,1.5621192546328015
0,31.042382576217975,10.781431853802214,42.666093118699735,3.8604301603077484
0,-0.01,1.5621192546328015
0,31.042382576217975,10.781431853802214,42.56609311869973,3.8604301603077484
0,-0.01,1.5621192546328015
0,31.042382576217975,10.781431853802214,42.46609311869973,3.8604301603077484
0,-0.01,1.5621192546328015
0,31.042382576217975,10.781431853802214,42.36609311869973,3.8604301603077484
0,-0.01,1.5621192546328015
0,31.042382576217975,10.781431853802214,42.26609311869973,3.8604301603077484
0,-0.01,1.5621192546328015
0,31.042382576217975,10.781431853802214,42.16609311869973,3.8604301603077484
0,-0.1,1.5621192546328015
0,9.042557032903586,98.36382518790458,30.01545686105269,9.5916552363297
0,9.042557032903586,98.36382518790458,31.01545686105269,9.5916552363297
0,999740.7478802177,1.5925211978225202
0,9.042557032903586,98.36382518790458,32.01545686105269,9.5916552363297
0,-0.01,1.5925211978225202
0,9.042557032903586,98.36382518790458,33.01545686105269,9.5916552363297
0,-0.01,1.5925211978225202
0,9.042557032903586,98.36382518790458,34.01545686105269,9.5916552363297
0,-0.01,1.5925211978225202
0,9.042557032903586,98.36382518790458,35.01545686105269,9.5916552363297
0,-0.01,1.5925211978225202
0,9.042557032903586,98.36382518790458,36.01545686105269,9.5916552363297
0,-0.01,1.5925211978225202
0,9.042557032903586,98.36382518790458,37.01545686105269,9.5916552363297
0,-0.01,1.5925211978225202
0,9.042557032903586,98.36382518790458,38.01545686105269,9.5916552363297
0,-0.01,1.5925211978225202
0,9.042557032903586,98.36382518790458,39.01545686105269,9.5916552363297
0,-0.01,1.5925211978225202
0,9.042557032903586,98.36382518790458,40.01545686105269,9.5916552363297
0,-0.01,1.5925211978225202
0,9.042557032903586,98.36382518790458,41.01545686105269,9.5916552363297
0,-0.01,1.5925211978225202
0,9.042557032903586,98.36382518790458,42.01545686105269,9.5916552363297
0,-0.01,1.5925211978225202
0,9.042557032903586,98.36382518790458,43.01545686105269,9.5916552363297
0,-0.01,1.5925211978225202
0,9.042557032903586,98.36382518790458,44.01545686105269,9.5916552363297
0,-0.01,1.5925211978225202
0,9.042557032903586,98.36382518790458,45.01545686105269,9.5916552363297
0,-0.01,1.5925211978225202
0,9.042557032903586,98.36382518790458,46.01545686105269,9.5916552363297
0,-0.01,1.5925211978225202
0,9.042557032903586,98.36382518790458,47.01545686105269,9.5916552363297
0,-0.01,1.5925211978225202
0,9.042557032903586,98.36382518790458,48.01545686105269,9.5916552363297
0,-0.01,1.5925211978225202
0,9.042557032903586,98.36382518790458,49.01545686105269,9.5916552363297
0,-0.01,1.5925211978225202
0,9.042557032903586,98.36382518790458,50.01545686105269,9.5916552363297
0,-0.01,1.5925211978225202
0,9.042557032903586,98.36382518790458,51.01545686105269,9.5916552363297
0,-0.01,1.5925211978225202
0,9.042557032903586,98.36382518790458,52.01545686105269,9.5916552363297
0,-0.01,1.5925211978225202
0,9.042557032903586,98.36382518790458,53.01545686105269,9.5916552363297
0,-0.01,1.5925211978225202
0,9.042557032903586,98.36382518790458,54.01545686105269,9.5916552363297
0,-0.01,1.5925211978225202
0,9.042557032903586,98.36382518790458,55.01545686105269,9.5916552363297
0,-0.01,1.5925211978225202
0,9.042557032903586,98.36382518790458,56.01545686105269,9.5916552363297
0,-0.01,1.5925211978225202
0,9.042557032903586,98.36382518790458,57.01545686105269,9.5916552363297
0,-0.01,1.5925211978225202
0,9.042557032903586,98.36382518790458,58.01545686105269,9.5916552363297
0,-0.01,1.5925211978225202
0,9.042557032903586,98.36382518790458,59.01545686105269,9.5916552363297
0,-0.01,1.5925211978225202
0,9.042557032903586,98.36382518790458,60.01545686105269,9.5916552363297
0,-0.01,1.5925211978225202
0,9.042557032903586,98.36382518790458,61.01545686105269,9.5916552363297
0,-0.01,1.5925211978225202
0,9.042557032903586,98.36382518790458,62.01545686105269,9.5916552363297
0,-0.01,1.5925211978225202
0,9.042557032903586,98.36382518790458,63.01545686105269,9.5916552363297
0,-0.01,1.5925211978225202
0,9.042557032903586,98.36382518790458,64.01545686105268,9.5916552363297
0,-0.01,1.5925211978225202
0,9.042557032903586,98.36382518790458,65.01545686105268,9.5916552363297
0,-0.01,1.5925211978225202
0,9.042557032903586,98.36382518790458,66.01545686105268,9.5916552363297
0,-0.01,1.5925211978225202
0,9.042557032903586,98.36382518790458,67.01545686105268,9.5916552363297
0,-0.01,1.5925211978225202
0,9.042557032903586,98.36382518790458,68.01545686105268,9.5916552363297
0,-0.01,1.5925211978225202
0,9.042557032903586,98.36382518790458,69.01545686105268,9.5916552363297
0,-0.01,1.5925211978225202
0,9.042557032903586,98.36382518790458,70.01545686105268,9.5916552363297
0,-0.01,1.5925211978225202
0,9.042557032903586,98.36382518790458,71.01545686105268,9.5916552363297
0,-0.01,1.5925211978225202
0,9.042557032903586,98.36382518790458,72.01545686105268,9.5916552363297
0,-0.01,1.5925211978225202
0,9.042557032903586,98.36382518790458,73.01545686105268,9.5916552363297
0,-0.01,1.5925211978225202
0,9.042557032903586,98.36382518790458,74.01545686105268,9.5916552363297
0,-0.01,1.5925211978225202
0,9.042557032903586,98.36382518790458,75.01545686105268,9.5916552363297
0,-0.01,1.5925211978225202
0,9.042557032903586,98.36382518790458,76.01545686105268,9.5916552363297
0,-0.01,1.5925211978225202
0,9.042557032903586,98.36382518790458,77.01545686105268,9.5916552363297
0,-0.01,1.5925211978225202
0,9.042557032903586,98.36382518790458,78.01545686105268,9.5916552363297
0,-0.01,1.5925211978225202
0,9.042557032903586,98.36382518790458,79.01545686105268,9.5916552363297
0,-0.01,1.5925211978225202
0,9.042557032903586,98.36382518790458,80.01545686105268,9.5916552363297
0,-0.01,1.5925211978225202
0,9.042557032903586,98.36382518790458,81.01545686105268,9.5916552363297
0,-0.01,1.5925211978225202
0,9.042557032903586,98.36382518790458,82.01545686105268,9.5916552363297
0,-0.01,1.5925211978225202
0,9.042557032903586,98.36382518790458,83.01545686105268,9.5916552363297
0,-0.01,1.5925211978225202
0,9.042557032903586,98.36382518790458,84.01545686105268,9.5916552363297
0,-0.01,1.5925211978225202
0,9.042557032903586,98.36382518790458,85.01545686105268,9.5916552363297
0,-0.01,1.5925211978225202
0,9.042557032903586,98.36382518790458,86.01545686105268,9.5916552363297
0,-0.01,1.5925211978225202
0,9.042557032903586,98.36382518790458,87.01545686105268,9.5916552363297
0,-0.01,1.5925211978225202
0,9.042557032903586,98.36382518790458,88.01545686105268,9.5916552363297
0,-0.01,1.5925211978225202
0,9.042557032903586,98.36382518790458,89.01545686105268,9.5916552363297
0,-0.01,1.5925211978225202
0,9.042557032903586,98.36382518790458,90.01545686105268,9.5916552363297
0,-0.01,1.5925211978225202
0,9.042557032903586,98.36382518790458,91.01545686105268,9.5916552363297
0,-0.01,1.5925211978225202
0,9.042557032903586,98.36382518790458,92.01545686105268,9.5916552363297
0,-0.01,1.5925211978225202
0,9.042557032903586,98.36382518790458,93.01545686105268,9.5916552363297
0,-0.01,1.5925211978225202
0,9.042557032903586,98.36382518790458,94.01545686105268,9.5916552363297
0,-0.01,1.5925211978225202
0,9.042557032903586,98.36382518790458,95.01545686105268,9.5916552363297
0,-0.01,1.5925211978225202
0,9.042557032903586,98.36382518790458,96.01545686105268,9.5916552363297
0,-0.01,1.5925211978225202
0,9.042557032903586,98.36382518790458,97.01545686105268,9.5916552363297
0,-0.01,1.5925211978225202
0,9.042557032903586,98.36382518790458,98.01545686105268,9.5916552363297
0,-0.01,1.5925211978225202
0,9.042557032903586,98.36382518790458,99.01545686105268,9.5916552363297
0,-0.01,1.5925211978225202
0,9.042557032903586,98.36382518790458,100.01545686105268,9.5916552363297
0,-0.01,1.5925211978225202
0,9.042557032903586,98.36382518790458,101.01545686105268,9.5916552363297
0,-0.01,1.5925211978225202
0,9.042557032903586,98.36382518790458,102.01545686105268,9.5916552363297
0,-0.01,1.5925211978225202
0,9.042557032903586,98.36382518790458,103.01545686105268,9.5916552363297
0,-0.01,1.5925211978225202
0,9.042557032903586,98.36382518790458,104.01545686105268,9.5916552363297
0,-0.01,1.5925211978225202
0,9.042557032903586,98.36382518790458,105.01545686105268,9.5916552363297
0,-0.01,1.5925211978225202
0,9.042557032903586,98.36382518790458,106.01545686105268,9.5916552363297
0,-0.01,1.5925211978225202
0,9.042557032903586,98.36382518790458,107.01545686105268,9.5916552363297
0,-0.01,1.5925211978225202
0,9.042557032903586,98.36382518790458,108.01545686105268,9.5916552363297
0,-0.01,1.5925211978225202
0,9.042557032903586,98.36382518790458,109.01545686105268,9.5916552363297
0,-0.01,1.5925211978225202
0,9.042557032903586,98.36382518790458,110.01545686105268,9.5916552363297
0,-0.01,1.5925211978225202
0,9.042557032903586,98.36382518790458,111.01545686105268,9.5916552363297
0,-0.01,1.5925211978225202
0,9.042557032903586,98.36382518790458,112.01545686105268,9.5916552363297
0,-0.01,1.5925211978225202
0,9.042557032903586,98.36382518790458,113.01545686105268,9.5916552363297
0,-0.01,1.5925211978225202
0,9.042557032903586,98.36382518790458,114.01545686105268,9.5916552363297
0,-0.01,1.5925211978225202
0,9.042557032903586,98.36382518790458,115.01545686105268,9.5916552363297
0,-0.01,1.5925211978225202
0,9.042557032903586,98.36382518790458,116.01545686105268,9.5916552363297
0,-0.01,1.5925211978225202
0,9.042557032903586,98.36382518790458,117.01545686105268,9.5916552363297
0,-0.01,1.5925211978225202
0,9.042557032903586,98.36382518790458,118.01545686105268,9.5916552363297
0,-0.01,1.5925211978225202
0,9.042557032903586,98.36382518790458,119.01545686105268,9.5916552363297
0,-0.01,1.5925211978225202
0,9.042557032903586,98.36382518790458,120.01545686105268,9.5916552363297
0,-0.01,1.5925211978225202
0,9.042557032903586,98.36382518790458,121.01545686105268,9.5916552363297
0,-0.01,1.5925211978225202
0,9.042557032903586,98.36382518790458,122.01545686105268,9.5916552363297
0,-0.01,1.5925211978225202
0,9.042557032903586,98.36382518790458,123.01545686105268,9.5916552363297
0,-0.01,1.5925211978225202
0,9.042557032903586,98.36382518790458,124.01545686105268,9.5916552363297
0,-0.01,1.5925211978225202
0,9.042557032903586,98.36382518790458,125.01545686105268,9.5916552363297
0,-0.01,1.5925211978225202
0,9.042557032903586,98.36382518790458,126.01545686105268,9.5916552363297
0,-0.01,1.5925211978225202
0,9.042557032903586,98.36382518790458,127.01545686105268,9.5916552363297
0,-0.01,1.5925211978225202
0,9.042557032903586,98.36382518790458,128.01545686105268,9.5916552363297
0,-0.01,1.5925211978225202
0,9.042557032903586,98.36382518790458,129.01545686105268,9.5916552363297
0,-0.01,1.5925211978225202
0,9.042557032903586,98.36382518790458,130.01545686105268,9.5916552363297
0,-0.01,1.5925211978225202
0,9.042557032903586,98.36382518790458,131.01545686105268,9.5916552363297
0,-0.01,1.5925211978225202
0,9.042557032903586,98.36382518790458,132.01545686105268,9.5916552363297
0,-0.1,1.5925211978225202
0,89.11065903105604,19.7710213857886,79.13378202552478,40.517059169925986
0,89.11065903105604,19.7710213857886,69.13378202552478,40.517059169925986
0,999743.7880745367,1.5621192546328015
0,89.11065903105604,19.7710213857886,59.13378202552478,40.517059169925986
0,-0.01,1.5621192546328015
0,89.11065903105604,19.7710213857886,49.13378202552478,40.517059169925986
0,-0.01,1.5621192546328015
0,89.11065903105604,19.7710213857886,39.13378202552478,40.517059169925986
0,-0.01,1.5621192546328015
0,89.11065903105604,19.7710213857886,29.13378202552478,40.517059169925986
0,-0.01,1.5621192546328015
0,89.11065903105604,19.7710213857886,19.13378202552478,40.517059169925986
0,-0.01,1.5621192546328015
0,89.11065903105604,19.7710213857886,9.13378202552478,40.517059169925986
0,-0.01,1.5621192546328015
0,89.11065903105604,19.7710213857886,9.033782025524781,40.517059169925986
0,-0.01,1.5621192546328015
0,89.11065903105604,19.7710213857886,8.933782025524781,40.517059169925986
0,-0.01,1.5621192546328015
0,89.11065903105604,19.7710213857886,8.833782025524782,40.517059169925986
0,-0.01,1.5621192546328015
0,89.11065903105604,19.7710213857886,8.733782025524782,40.517059169925986
0,-0.01,1.5621192546328015
0,89.11065903105604,19.7710213857886,8.633782025524782,40.517059169925986
0,-0.01,1.5621192546328015
0,89.11065903105604,19.7710213857886,8.533782025524783,40.517059169925986
0,-0.01,1.5621192546328015
0,89.11065903105604,19.7710213857886,8.433782025524783,40.517059169925986
0,-0.01,1.5621192546328015
0,89.11065903105604,19.7710213857886,8.333782025524783,40.517059169925986
0,-0.01,1.5621192546328015
0,89.11065903105604,19.7710213857886,8.233782025524784,40.517059169925986
0,-0.01,1.5621192546328015
0,89.11065903105604,19.7710213857886,8.133782025524784,40.517059169925986
0,-0.01,1.5621192546328015
0,89.11065903105604,19.7710213857886,8.033782025524784,40.517059169925986
0,-0.01,1.5621192546328015
0,89.11065903105604,19.7710213857886,7.933782025524785,40.517059169925986
0,-0.01,1.5621192546328015
0,89.11065903105604,19.7710213857886,7.833782025524785,40.517059169925986
0,-0.01,1.5621192546328015
0,89.11065903105604,19.7710213857886,7.7337820255247856,40.517059169925986
0,-0.01,1.5621192546328015
0,89.11065903105604,19.7710213857886,7.633782025524786,40.517059169925986
0,-0.01,1.5621192546328015
0,89.11065903105604,19.7710213857886,7.533782025524786,40.517059169925986
0,-0.01,1.5621192546328015
0,89.11065903105604,19.7710213857886,7.433782025524787,40.517059169925986
0,-0.01,1.5621192546328015
0,89.11065903105604,19.7710213857886,7.333782025524787,40.517059169925986
0,-0.01,1.5621192546328015
0,89.11065903105604,19.7710213857886,7.233782025524787,40.517059169925986
0,-0.01,1.5621192546328015
0,89.11065903105604,19.7710213857886,7.133782025524788,40.517059169925986
0,-0.01,1.5621192546328015
0,89.11065903105604,19.7710213857886,7.033782025524788,40.517059169925986
0,-0.01,1.5621192546328015
0,89.11065903105604,19.7710213857886,6.933782025524788,40.517059169925986
0,-0.01,1.5621192546328015
0,89.11065903105604,19.7710213857886,6.833782025524789,40.517059169925986
0,-0.01,1.5621192546328015
0,89.11065903105604,19.7710213857886,6.733782025524789,40.517059169925986
0,-0.01,1.5621192546328015
0,89.11065903105604,19.7710213857886,6.6337820255247895,40.517059169925986
0,-0.01,1.5621192546328015
0,89.11065903105604,19.7710213857886,6.53378202552479,40.517059169925986
0,-0.01,1.5621192546328015
0,89.11065903105604,19.7710213857886,6.43378202552479,40.517059169925986
0,-0.01,1.5621192546328015
0,89.11065903105604,19.7710213857886,6.3337820255247905,40.517059169925986
0,-0.01,1.5621192546328015
0,89.11065903105604,19.7710213857886,6.233782025524791,40.517059169925986
0,-0.01,1.5621192546328015
0,89.11065903105604,19.7710213857886,6.133782025524791,40.517059169925986
0,-0.01,1.5621192546328015
0,89.11065903105604,19.7710213857886,6.033782025524792,40.517059169925986
0,-0.01,1.5621192546328015
0,89.11065903105604,19.7710213857886,5.933782025524792,40.517059169925986
0,-0.01,1.5621192546328015
0,89.11065903105604,19.7710213857886,5.833782025524792,40.517059169925986
0,-0.01,1.5621192546328015
0,89.11065903105604,19.7710213857886,5.733782025524793,40.517059169925986
0,-0.01,1.5621192546328015
0,89.11065903105604,19.7710213857886,5.633782025524793,40.517059169925986
0,-0.01,1.5621192546328015
0,89.11065903105604,19.7710213857886,5.533782025524793,40.517059169925986
0,-0.01,1.5621192546328015
0,89.11065903105604,19.7710213857886,5.433782025524794,40.517059169925986
0,-0.01,1.5621192546328015
0,89.11065903105604,19.7710213857886,5.333782025524794,40.517059169925986
0,-0.01,1.5621192546328015
0,89.11065903105604,19.7710213857886,5.233782025524794,40.517059169925986
0,-0.01,1.5621192546328015
0,89.11065903105604,19.7710213857886,5.133782025524795,40.517059169925986
0,-0.01,1.5621192546328015
0,89.11065903105604,19.7710213857886,5.033782025524795,40.517059169925986
0,-0.01,1.5621192546328015
0,89.11065903105604,19.7710213857886,4.9337820255247955,40.517059169925986
0,-0.01,1.5621192546328015
0,89.11065903105604,19.7710213857886,4.833782025524796,40.517059169925986
0,-0.01,1.5621192546328015
0,89.11065903105604,19.7710213857886,4.733782025524796,40.517059169925986
0,-0.01,1.5621192546328015
0,89.11065903105604,19.7710213857886,4.633782025524797,40.517059169925986
0,-0.01,1.5621192546328015
0,89.11065903105604,19.7710213857886,4.533782025524797,40.517059169925986
0,-0.01,1.5621192546328015
0,89.11065903105604,19.7710213857886,4.433782025524797,40.517059169925986
0,-0.01,1.5621192546328015
0,89.11065903105604,19.7710213857886,4.333782025524798,40.517059169925986
0,-0.01,1.5621192546328015
0,89.11065903105604,19.7710213857886,4.233782025524798,40.517059169925986
0,-0.01,1.5621192546328015
0,89.11065903105604,19.7710213857886,4.133782025524798,40.517059169925986
0,-0.01,1.5621192546328015
0,89.11065903105604,19.7710213857886,4.033782025524799,40.517059169925986
0,-0.01,1.5621192546328015
0,89.11065903105604,19.7710213857886,3.9337820255247986,40.517059169925986
0,-0.01,1.5621192546328015
0,89.11065903105604,19.7710213857886,3.8337820255247985,40.517059169925986
0,-0.01,1.5621192546328015
0,89.11065903105604,19.7710213857886,3.7337820255247984,40.517059169925986
0,-0.01,1.5621192546328015
0,89.11065903105604,19.7710213857886,3.6337820255247983,40.517059169925986
0,-0.01,1.5621192546328015
0,89.11065903105604,19.7710213857886,3.5337820255247983,40.517059169925986
0,-0.01,1.5621192546328015
0,89.11065903105604,19.7710213857886,3.433782025524798,40.517059169925986
0,-0.01,1.5621192546328015
0,89.11065903105604,19.7710213857886,3.333782025524798,40.517059169925986
0,-0.01,1.5621192546328015
0,89.11065903105604,19.7710213857886,3.233782025524798,40.517059169925986
0,-0.01,1.5621192546328015
0,89.11065903105604,19.7710213857886,3.133782025524798,40.517059169925986
0,-0.01,1.5621192546328015
0,89.11065903105604,19.7710213857886,3.033782025524798,40.517059169925986
0,-0.01,1.5621192546328015
0,89.11065903105604,19.7710213857886,2.9337820255247977,40.517059169925986
0,-0.01,1.5621192546328015
0,89.11065903105604,19.7710213857886,2.8337820255247976,40.517059169925986
0,-0.01,1.5621192546328015
0,89.11065903105604,19.7710213857886,2.7337820255247975,40.517059169925986
0,-0.01,1.5621192546328015
0,89.11065903105604,19.7710213857886,2.6337820255247975,40.517059169925986
0,-0.01,1.5621192546328015
0,89.11065903105604,19.7710213857886,2.5337820255247974,40.517059169925986
0,-0.01,1.5621192546328015
0,89.11065903105604,19.7710213857886,2.4337820255247973,40.517059169925986
0,-0.01,1.5621192546328015
0,89.11065903105604,19.7710213857886,2.333782025524797,40.517059169925986
0,-0.01,1.5621192546328015
0,89.11065903105604,19.7710213857886,2.233782025524797,40.517059169925986
0,-0.01,1.5621192546328015
0,89.11065903105604,19.7710213857886,2.133782025524797,40.517059169925986
0,-0.01,1.5621192546328015
0,89.11065903105604,19.7710213857886,2.033782025524797,40.517059169925986
0,-0.01,1.5621192546328015
0,89.11065903105604,19.7710213857886,1.9337820255247968,40.517059169925986
0,-0.01,1.5621192546328015
0,89.11065903105604,19.7710213857886,1.8337820255247967,40.517059169925986
0,-0.01,1.5621192546328015
0,89.11065903105604,19.7710213857886,1.7337820255247967,40.517059169925986
0,-0.01,1.5621192546328015
0,89.11065903105604,19.7710213857886,1.6337820255247966,40.517059169925986
0,-0.01,1.5621192546328015
0,89.11065903105604,19.7710213857886,1.5337820255247965,40.517059169925986
0,-0.01,1.5621192546328015
0,89.11065903105604,19.7710213857886,1.4337820255247964,40.517059169925986
0,-0.01,1.5621192546328015
0,89.11065903105604,19.7710213857886,1.3337820255247963,40.517059169925986
0,-0.01,1.5621192546328015
0,89.11065903105604,19.7710213857886,1.2337820255247962,40.517059169925986
0,-0.01,1.5621192546328015
0,89.11065903105604,19.7710213857886,1.1337820255247961,40.517059169925986
0,-0.01,1.5621192546328015
0,89.11065903105604,19.7710213857886,1.033782025524796,40.517059169925986
0,-0.01,1.5621192546328015
0,89.11065903105604,19.7710213857886,0.933782025524796,40.517059169925986
0,-0.01,1.5621192546328015
0,89.11065903105604,19.7710213857886,0.8337820255247961,40.517059169925986
0,-0.01,1.5621192546328015
0,89.11065903105604,19.7710213857886,0.7337820255247961,40.517059169925986
0,-0.01,1.5621192546328015
0,89.11065903105604,19.7710213857886,0.6337820255247961,40.517059169925986
0,-0.01,1.5621192546328015
0,89.11065903105604,19.7710213857886,0.5337820255247961,40.517059169925986
0,-0.01,1.5621192546328015
0,89.11065903105604,19.7710213857886,0.43378202552479617,40.517059169925986
0,-0.01,1.5621192546328015
0,89.11065903105604,19.7710213857886,0.3337820255247962,40.517059169925986
0,-0.01,1.5621192546328015
0,89.11065903105604,19.7710213857886,0.23378202552479618,40.517059169925986
0,-0.01,1.5621192546328015
0,89.11065903105604,19.7710213857886,0.13378202552479618,40.517059169925986
0,-0.01,1.5621192546328015
0,89.11065903105604,19.7710213857886,0.03378202552479617,40.517059169925986
0,-0.01,1.5621192546328015
0,89.11065903105604,19.7710213857886,-0.06621797447520383,40.517059169925986
0,-1,1.5621192546328015
0,87.05568370344979,53.73281003546943,10.061219277003486,43.982153947628014
0,87.05568370344979,53.73281003546943,11.061219277003486,43.982153947628014
0,999741.1455100429,1.588544899571143
0,87.05568370344979,53.73281003546943,12.061219277003486,43.982153947628014
0,-0.01,1.588544899571143
0,87.05568370344979,53.73281003546943,13.061219277003486,43.982153947628014
0,-0.01,1.588544899571143
0,87.05568370344979,53.73281003546943,14.061219277003486,43.982153947628014
0,-0.01,1.588544899571143
0,87.05568370344979,53.73281003546943,15.061219277003486,43.982153947628014
0,-0.01,1.588544899571143
0,87.05568370344979,53.73281003546943,25.061219277003488,43.982153947628014
0,-0.01,1.588544899571143
0,87.05568370344979,53.73281003546943,15.061219277003488,43.982153947628014
0,-0.01,1.588544899571143
0,87.05568370344979,53.73281003546943,16.061219277003488,43.982153947628014
0,-0.01,1.588544899571143
0,87.05568370344979,53.73281003546943,17.061219277003488,43.982153947628014
0,-0.01,1.588544899571143
0,87.05568370344979,53.73281003546943,18.061219277003488,43.982153947628014
0,-0.01,1.588544899571143
0,87.05568370344979,53.73281003546943,19.061219277003488,43.982153947628014
0,-0.01,1.588544899571143
0,87.05568370344979,53.73281003546943,18.961219277003487,43.982153947628014
0,-0.01,1.5885761524237378
0,87.05568370344979,53.73281003546943,19.961219277003487,43.982153947628014
0,-0.01,1.5885761524237378
0,87.05568370344979,53.73281003546943,9.961219277003487,43.982153947628014
0,-0.01,1.5885761524237378
0,87.05568370344979,53.73281003546943,10.961219277003487,43.982153947628014
0,-0.01,1.5885761524237378
0,88.05568370344979,53.73281003546943,10.961219277003487,43.982153947628014
0,-0.01,1.5885761524237378
0,88.05568370344979,53.73281003546943,11.961219277003487,43.982153947628014
0,-0.01,1.5885761524237378
0,88.05568370344979,53.73281003546943,12.961219277003487,43.982153947628014
0,-0.01,1.5885761524237378
0,88.05568370344979,53.73281003546943,13.961219277003487,43.982153947628014
0,-0.01,1.5885761524237378
0,88.05568370344979,53.73281003546943,14.961219277003487,43.982153947628014
0,-0.01,1.5885761524237378
0,88.05568370344979,53.73281003546943,15.961219277003487,43.982153947628014
0,-0.01,1.5885761524237378
0,88.05568370344979,53.73281003546943,16.961219277003487,43.982153947628014
0,-0.01,1.5885761524237378
0,88.05568370344979,53.73281003546943,17.961219277003487,43.982153947628014
0,-0.01,1.5885761524237378
0,88.05568370344979,53.73281003546943,7.961219277003487,43.982153947628014
0,-0.01,1.5885761524237378
0,88.05568370344979,53.73281003546943,8.961219277003487,43.982153947628014
0,-0.01,1.5885761524237378
0,88.05568370344979,53.73281003546943,9.961219277003487,43.982153947628014
0,-0.01,1.5885761524237378
0,88.05568370344979,53.73281003546943,10.961219277003487,43.982153947628014
0,-0.01,1.5885761524237378
0,88.05568370344979,53.73281003546943,11.961219277003487,43.982153947628014
0,-0.01,1.5885761524237378
0,88.05568370344979,53.73281003546943,12.961219277003487,43.982153947628014
0,-0.01,1.5885761524237378
0,88.05568370344979,53.73281003546943,22.961219277003487,43.982153947628014
0,-0.01,1.5885761524237378
0,88.05568370344979,53.73281003546943,12.961219277003487,43.982153947628014
0,-0.01,1.5885761524237378
0,88.05568370344979,53.73281003546943,13.961219277003487,43.982153947628014
0,-0.01,1.5885761524237378
0,88.05568370344979,53.73281003546943,14.961219277003487,43.982153947628014
0,-0.01,1.5885761524237378
0,88.05568370344979,53.73281003546943,15.961219277003487,43.982153947628014
0,-0.01,1.5885761524237378
0,88.05568370344979,53.73281003546943,16.961219277003487,43.982153947628014
0,-0.01,1.5885761524237378
0,88.05568370344979,53.73281003546943,17.961219277003487,43.982153947628014
0,-0.01,1.5885761524237378
0,88.05568370344979,53.73281003546943,7.961219277003487,43.982153947628014
0,-0.01,1.5885761524237378
0,88.05568370344979,53.73281003546943,8.961219277003487,43.982153947628014
0,-0.01,1.5885761524237378
0,88.05568370344979,53.73281003546943,9.961219277003487,43.982153947628014
0,-0.01,1.5885761524237378
0,88.05568370344979,53.73281003546943,10.961219277003487,43.982153947628014
0,-0.01,1.5885761524237378
0,88.05568370344979,53.73281003546943,11.961219277003487,43.982153947628014
0,-0.01,1.5885761524237378
0,88.05568370344979,53.73281003546943,12.961219277003487,43.982153947628014
0,-0.01,1.5885761524237378
0,88.05568370344979,53.73281003546943,13.961219277003487,43.982153947628014
0,-0.01,1.5885761524237378
0,88.05568370344979,53.73281003546943,14.961219277003487,43.982153947628014
0,-0.01,1.5885761524237378
0,88.05568370344979,53.73281003546943,15.961219277003487,43.982153947628014
0,-0.01,1.5885761524237378
0,88.05568370344979,53.73281003546943,16.961219277003487,43.982153947628014
0,-0.01,1.5885761524237378
0,88.05568370344979,53.73281003546943,17.961219277003487,43.982153947628014
0,-0.01,1.5885761524237378
0,88.05568370344979,53.73281003546943,7.961219277003487,43.982153947628014
0,-0.01,1.5885761524237378
0,88.05568370344979,53.73281003546943,8.961219277003487,43.982153947628014
0,-0.01,1.5885761524237378
0,88.05568370344979,53.73281003546943,9.961219277003487,43.982153947628014
0,-0.01,1.5885761524237378
0,88.05568370344979,53.73281003546943,10.961219277003487,43.982153947628014
0,-0.01,1.5885761524237378
0,88.05568370344979,53.73281003546943,11.961219277003487,43.982153947628014
0,-0.01,1.5885761524237378
0,88.05568370344979,53.73281003546943,12.961219277003487,43.982153947628014
0,-0.01,1.5885761524237378
0,88.05568370344979,53.73281003546943,13.961219277003487,43.982153947628014
0,-0.01,1.5885761524237378
0,88.05568370344979,53.73281003546943,14.961219277003487,43.982153947628014
0,-0.01,1.5885761524237378
0,88.05568370344979,53.73281003546943,15.961219277003487,43.982153947628014
0,-0.01,1.5885761524237378
0,88.05568370344979,53.73281003546943,16.961219277003487,43.982153947628014
0,-0.01,1.5885761524237378
0,88.05568370344979,53.73281003546943,17.961219277003487,43.982153947628014
0,-0.01,1.5885761524237378
0,88.05568370344979,53.73281003546943,7.961219277003487,43.982153947628014
0,-0.01,1.5885761524237378
0,88.05568370344979,53.73281003546943,8.961219277003487,43.982153947628014
0,-0.01,1.5885761524237378
0,88.05568370344979,53.73281003546943,9.961219277003487,43.982153947628014
0,-0.01,1.5885761524237378
0,88.05568370344979,53.73281003546943,10.961219277003487,43.982153947628014
0,-0.01,1.5885761524237378
0,88.05568370344979,53.83281003546943,10.961219277003487,43.982153947628014
0,-0.01,1.5886359410481576
